brand,archetype,state,municipality,locality,n,n_with_nn,nn_p10_m,nn_p25_m,nn_p50_m,nn_p75_m,nn_p90_m,nn_mean_m,mean_sisters_within_250m,pct_with_any_sister_within_250m,mean_sisters_within_500m,pct_with_any_sister_within_500m,mean_sisters_within_800m,pct_with_any_sister_within_800m,mean_sisters_within_1000m,pct_with_any_sister_within_1000m,mean_sisters_within_1500m,pct_with_any_sister_within_1500m,mean_sisters_within_2000m,pct_with_any_sister_within_2000m,mean_sisters_within_3000m,pct_with_any_sister_within_3000m,pct_nn_le_10m,pct_nn_le_25m,pct_nn_le_60m,profile_sample_n_ge_30
Farmacias Guadalajara,farmacia,Jalisco,Guadalajara,Guadalajara,116,116,66.3180491805116,279.2996058847061,579.2282990083022,778.4516778069527,1000.9729087596473,562.8859153735432,0.3103448275862069,23.275862068965516,0.9051724137931034,43.10344827586207,2.0344827586206895,79.3103448275862,2.9741379310344827,89.65517241379311,6.922413793103448,97.41379310344827,12.21551724137931,100.0,25.56896551724138,100.0,3.4482758620689653,6.896551724137931,10.344827586206897,YES
Farmacias Guadalajara,farmacia,Guanajuato,León,León de los Aldama,91,91,269.75039149230906,551.4459567517746,749.181573480975,1087.6843503366522,1442.0446433188893,886.0562482835298,0.13186813186813187,9.89010989010989,0.21978021978021978,18.681318681318682,0.7692307692307693,53.84615384615385,1.2087912087912087,68.13186813186813,3.3846153846153846,91.20879120879121,6.131868131868132,95.6043956043956,13.648351648351648,96.7032967032967,4.395604395604396,4.395604395604396,6.593406593406593,YES
Farmacias Guadalajara,farmacia,Jalisco,Zapopan,Zapopan,86,86,79.88837070668463,457.12898459236,682.0486381027856,1032.7679189355686,1242.7300728663304,717.1138026931073,0.13953488372093023,13.953488372093023,0.3372093023255814,32.55813953488372,0.8604651162790697,53.48837209302326,1.4186046511627908,73.25581395348837,3.744186046511628,100.0,6.337209302325581,100.0,14.034883720930232,100.0,6.976744186046512,9.30232558139535,9.30232558139535,YES
Farmacias Guadalajara,farmacia,Puebla,Puebla,Heroica Puebla de Zaragoza,66,66,185.562191717333,507.9345248640678,732.4947435302687,1151.6762662257938,1542.0755024073958,842.1717274855605,0.15151515151515152,13.636363636363637,0.24242424242424243,19.696969696969695,0.6666666666666666,51.515151515151516,0.8787878787878788,59.09090909090909,2.303030303030303,89.39393939393939,4.212121212121212,96.96969696969697,10.121212121212121,100.0,3.0303030303030303,3.0303030303030303,6.0606060606060606,YES
Farmacias Guadalajara,farmacia,Nuevo León,Monterrey,Monterrey,56,56,434.13884328192216,641.7219629708811,849.3003157500763,1116.5780764937235,1620.827710343438,965.4171273854508,0.07142857142857142,7.142857142857143,0.14285714285714285,14.285714285714286,0.42857142857142855,35.714285714285715,0.8928571428571429,62.5,2.2142857142857144,83.92857142857143,3.8035714285714284,96.42857142857143,7.482142857142857,98.21428571428571,3.5714285714285716,3.5714285714285716,3.5714285714285716,YES
Farmacias Guadalajara,farmacia,Querétaro,Querétaro,Santiago de Querétaro,55,55,390.04322393629894,601.6077528508039,709.2387928442105,1095.3991455074574,1353.1362278723354,822.7331399299719,0.03636363636363636,3.6363636363636362,0.18181818181818182,16.363636363636363,0.8363636363636363,60.0,1.4727272727272727,69.0909090909091,3.909090909090909,94.54545454545455,6.509090909090909,100.0,12.472727272727273,100.0,0.0,0.0,0.0,YES
Farmacias Guadalajara,farmacia,Sinaloa,Culiacán,Culiacán Rosales,46,46,84.4850770629038,507.91015989190737,815.5346029063245,1221.3331821404088,1482.0191980108534,901.5423515675586,0.13043478260869565,13.043478260869565,0.21739130434782608,21.73913043478261,0.5652173913043478,47.82608695652174,0.9565217391304348,65.21739130434783,2.347826086956522,91.30434782608695,4.3478260869565215,93.47826086956522,9.0,100.0,8.695652173913043,8.695652173913043,8.695652173913043,YES
Farmacias Guadalajara,farmacia,Chihuahua,Chihuahua,Chihuahua,40,40,12.946545408394071,630.6835719248361,1042.493788801978,1606.7848343562307,1956.1597789016207,1141.3108870082856,0.15,15.0,0.2,20.0,0.5,45.0,0.55,47.5,1.45,72.5,3.15,95.0,6.25,97.5,10.0,15.0,15.0,YES
Farmacias Guadalajara,farmacia,Sonora,Hermosillo,Hermosillo,40,40,122.12567778408057,555.5499884734485,1115.5296121414112,1288.2099961808083,1637.3683249959367,1007.0966544724519,0.15,15.0,0.2,17.5,0.45,35.0,0.85,47.5,2.1,85.0,3.6,95.0,8.35,100.0,5.0,10.0,10.0,YES
Farmacias Guadalajara,farmacia,Yucatán,Mérida,Mérida,40,40,643.8756529368334,746.0432750009641,960.984732090746,1400.5458925642351,1897.8423640838441,1182.4613787734484,0.0,0.0,0.05,5.0,0.35,35.0,0.6,50.0,2.25,82.5,3.6,90.0,7.2,97.5,0.0,0.0,0.0,YES
Farmacias Guadalajara,farmacia,Aguascalientes,Aguascalientes,Aguascalientes,39,39,104.88830441445648,580.5946441757948,1276.5864720663233,1578.792701266951,1781.8175572652324,1115.4706663274249,0.20512820512820512,17.94871794871795,0.41025641025641024,25.641025641025642,0.46153846153846156,25.641025641025642,0.6153846153846154,35.8974358974359,1.794871794871795,69.23076923076923,3.6666666666666665,94.87179487179488,7.897435897435898,100.0,0.0,0.0,5.128205128205129,YES
Farmacias Guadalajara,farmacia,San Luis Potosí,San Luis Potosí,San Luis Potosí,39,39,437.2522209910346,588.6398393532223,863.6447565818212,1107.6961393794452,1399.955099706625,908.6542061016353,0.0,0.0,0.20512820512820512,17.94871794871795,0.5128205128205128,41.02564102564103,1.2564102564102564,69.23076923076923,3.2051282051282053,94.87179487179488,4.794871794871795,97.43589743589743,10.64102564102564,100.0,0.0,0.0,0.0,YES
Farmacias Guadalajara,farmacia,Tamaulipas,Reynosa,Reynosa,39,39,93.42201638686826,519.2842736389136,784.1221730827216,1113.520723564408,1405.3267811528674,859.5955521167527,0.15384615384615385,15.384615384615385,0.2564102564102564,25.641025641025642,0.6153846153846154,56.41025641025641,0.8205128205128205,66.66666666666667,2.0,89.74358974358974,3.282051282051282,92.3076923076923,6.256410256410256,100.0,5.128205128205129,5.128205128205129,10.256410256410257,YES
Farmacias Guadalajara,farmacia,Coahuila de Zaragoza,Torreón,Torreón,37,37,236.91176200340942,606.657755176354,879.9951278012103,1229.371010762659,1655.9873736540926,937.8744172773551,0.10810810810810811,10.81081081081081,0.16216216216216217,16.216216216216218,0.4864864864864865,45.945945945945944,0.7027027027027027,59.45945945945946,2.054054054054054,83.78378378378379,3.5675675675675675,97.29729729729729,7.891891891891892,100.0,10.81081081081081,10.81081081081081,10.81081081081081,YES
Farmacias Guadalajara,farmacia,Chiapas,Tuxtla Gutiérrez,Tuxtla Gutiérrez,36,36,140.14379599446008,532.5087642315368,723.3348044294245,1030.8710569920022,1192.0452040948308,861.6636384553971,0.1111111111111111,11.11111111111111,0.2222222222222222,22.22222222222222,0.8888888888888888,58.333333333333336,1.6666666666666667,72.22222222222223,3.888888888888889,94.44444444444444,6.277777777777778,94.44444444444444,11.444444444444445,97.22222222222223,5.555555555555555,11.11111111111111,11.11111111111111,YES
Farmacias Guadalajara,farmacia,Michoacán de Ocampo,Morelia,Morelia,35,35,542.687770321078,703.3011066545944,816.1906350309741,1527.7557428459409,2133.8855871540372,1115.6520815705983,0.05714285714285714,5.714285714285714,0.11428571428571428,11.428571428571429,0.6285714285714286,45.714285714285715,1.2571428571428571,65.71428571428571,2.1142857142857143,74.28571428571429,4.285714285714286,88.57142857142857,9.0,97.14285714285714,0.0,0.0,0.0,YES
Farmacias Guadalajara,farmacia,Nuevo León,Guadalupe,Guadalupe,35,35,72.20387318008957,510.5971651669536,962.1197090292472,1053.14488302571,1330.5166186759247,816.6621801644827,0.17142857142857143,17.142857142857142,0.22857142857142856,22.857142857142858,0.42857142857142855,42.857142857142854,0.9714285714285714,65.71428571428571,1.9428571428571428,94.28571428571429,3.6285714285714286,100.0,7.828571428571428,100.0,5.714285714285714,11.428571428571429,11.428571428571429,YES
Farmacias Guadalajara,farmacia,Coahuila de Zaragoza,Saltillo,Saltillo,30,30,450.61225975803654,609.95593326576,946.1848290877689,1615.378307657945,2033.714458415201,1127.2532560133852,0.06666666666666667,6.666666666666667,0.2,20.0,0.3333333333333333,33.333333333333336,0.5333333333333333,53.333333333333336,1.2666666666666666,70.0,2.6,86.66666666666667,5.733333333333333,100.0,6.666666666666667,6.666666666666667,6.666666666666667,YES
Farmacias Guadalajara,farmacia,Nuevo León,Apodaca,Ciudad Apodaca,29,29,14.868086048867909,707.8695192329346,771.8915969520673,1367.2437172935001,1711.0522116465393,976.2292081076178,0.13793103448275862,13.793103448275861,0.13793103448275862,13.793103448275861,0.7241379310344828,51.724137931034484,1.0689655172413792,58.62068965517241,2.413793103448276,79.3103448275862,3.6206896551724137,93.10344827586206,8.758620689655173,100.0,0.0,13.793103448275861,13.793103448275861,NO
Farmacias Guadalajara,farmacia,Guanajuato,Irapuato,Irapuato,28,28,144.93474740644768,441.2072524209527,631.4545061499944,954.3509992520646,1163.7857388562456,691.6383970204317,0.14285714285714285,14.285714285714286,0.5,35.714285714285715,1.1428571428571428,60.714285714285715,1.7857142857142858,78.57142857142857,4.857142857142857,96.42857142857143,8.071428571428571,100.0,15.285714285714286,100.0,0.0,7.142857142857143,7.142857142857143,NO
Farmacias Guadalajara,farmacia,Morelos,Cuernavaca,Cuernavaca,28,28,23.77382954178299,698.5120444111893,772.3323301048762,1046.4366819787701,1151.456734603835,843.556044164743,0.14285714285714285,14.285714285714286,0.14285714285714285,14.285714285714286,0.8571428571428571,53.57142857142857,1.3571428571428572,64.28571428571429,3.0,92.85714285714286,4.642857142857143,96.42857142857143,10.214285714285714,100.0,7.142857142857143,14.285714285714286,14.285714285714286,NO
Farmacias Guadalajara,farmacia,Durango,Durango,Victoria de Durango,27,27,663.2898134780378,992.3859723104827,1208.3661194274437,1480.316797339322,1878.3849966439411,1187.537713733068,0.07407407407407407,7.407407407407407,0.07407407407407407,7.407407407407407,0.2222222222222222,22.22222222222222,0.2962962962962963,29.62962962962963,1.2592592592592593,74.07407407407408,2.814814814814815,88.88888888888889,6.444444444444445,100.0,7.407407407407407,7.407407407407407,7.407407407407407,NO
Farmacias Guadalajara,farmacia,Veracruz de Ignacio de la Llave,Veracruz,Veracruz,27,27,300.905354750491,556.9362382257787,746.6315645897353,900.1746824604791,1265.477340334004,777.5919747270067,0.07407407407407407,7.407407407407407,0.2222222222222222,22.22222222222222,1.1111111111111112,59.25925925925926,1.7037037037037037,81.48148148148148,3.5185185185185186,92.5925925925926,5.444444444444445,96.29629629629629,11.407407407407407,100.0,7.407407407407407,7.407407407407407,7.407407407407407,NO
Farmacias Guadalajara,farmacia,Chihuahua,Juárez,Juárez,26,26,41.079126802737704,892.1757579883075,1372.7181330711967,2138.7383083311697,3196.722031065893,1498.763768459391,0.15384615384615385,15.384615384615385,0.23076923076923078,23.076923076923077,0.23076923076923078,23.076923076923077,0.46153846153846156,42.30769230769231,0.8461538461538461,53.84615384615385,1.3076923076923077,69.23076923076923,2.6153846153846154,84.61538461538461,7.6923076923076925,7.6923076923076925,15.384615384615385,NO
Farmacias Guadalajara,farmacia,Quintana Roo,Benito Juárez,Cancún,26,26,438.61811530323234,718.8002180449805,1099.981572498185,1730.7098063384046,2350.659693524869,1455.8765358824771,0.07692307692307693,7.6923076923076925,0.15384615384615385,15.384615384615385,0.46153846153846156,26.923076923076923,0.9230769230769231,46.15384615384615,1.5384615384615385,69.23076923076923,2.3076923076923075,80.76923076923077,4.846153846153846,96.15384615384616,7.6923076923076925,7.6923076923076925,7.6923076923076925,NO
Farmacias Guadalajara,farmacia,Baja California,Mexicali,Mexicali,25,25,705.6241379932229,892.3732474438146,1219.2275899821034,1643.4464698842114,2360.1727769083072,1373.5486931644157,0.0,0.0,0.08,8.0,0.16,16.0,0.48,44.0,0.88,72.0,1.44,76.0,3.36,96.0,0.0,0.0,0.0,NO
Farmacias Guadalajara,farmacia,Tamaulipas,Matamoros,Heroica Matamoros,25,25,78.40341321385262,602.25060888138,938.1880439502959,1097.622318243167,1187.2005723002776,829.442088426347,0.16,16.0,0.16,16.0,0.64,48.0,0.88,56.0,2.72,96.0,3.92,96.0,7.84,100.0,0.0,8.0,8.0,NO
Farmacias Guadalajara,farmacia,Baja California,Tijuana,Tijuana,24,24,1079.2409784576748,1132.2120621032298,1924.0946235876875,2656.968320985117,3742.9999109504092,2451.4169783001907,0.08333333333333333,8.333333333333334,0.08333333333333333,8.333333333333334,0.08333333333333333,8.333333333333334,0.08333333333333333,8.333333333333334,0.5,45.833333333333336,0.6666666666666666,54.166666666666664,2.1666666666666665,83.33333333333333,8.333333333333334,8.333333333333334,8.333333333333334,NO
Farmacias Guadalajara,farmacia,Guanajuato,Celaya,Celaya,22,22,124.59933281654489,445.9284681207436,676.1840700592494,946.8316037253376,1239.4763236805024,733.2381404048539,0.18181818181818182,18.181818181818183,0.2727272727272727,27.272727272727273,0.7272727272727273,59.09090909090909,1.0909090909090908,77.27272727272727,2.272727272727273,95.45454545454545,3.909090909090909,100.0,7.636363636363637,100.0,0.0,9.090909090909092,9.090909090909092,NO
Farmacias Guadalajara,farmacia,Sinaloa,Mazatlán,Mazatlán,22,22,108.84179476543706,315.0732879948662,1144.4084248448235,2054.5516540833623,2257.2648280230537,1237.180978354991,0.2727272727272727,27.272727272727273,0.2727272727272727,27.272727272727273,0.36363636363636365,31.818181818181817,0.7272727272727273,45.45454545454545,1.5454545454545454,63.63636363636363,2.1818181818181817,72.72727272727273,5.363636363636363,100.0,0.0,0.0,9.090909090909092,NO
Farmacias Guadalajara,farmacia,Tamaulipas,Nuevo Laredo,Nuevo Laredo,22,22,446.8838675903592,510.824804965753,884.4058992176292,1592.6561101990874,1759.284758550783,1011.0929046722339,0.09090909090909091,9.090909090909092,0.2727272727272727,22.727272727272727,0.9090909090909091,45.45454545454545,1.5454545454545454,59.09090909090909,3.6363636363636362,72.72727272727273,5.7272727272727275,90.9090909090909,9.454545454545455,100.0,0.0,0.0,9.090909090909092,NO
Farmacias Guadalajara,farmacia,Tabasco,Centro,Villahermosa,21,21,302.44996847372016,318.50416786147196,603.689959706368,789.3211121388051,1297.7896486594643,717.1935318175906,0.09523809523809523,9.523809523809524,0.47619047619047616,42.857142857142854,1.1428571428571428,76.19047619047619,1.5238095238095237,85.71428571428571,3.238095238095238,90.47619047619048,6.428571428571429,90.47619047619048,10.857142857142858,100.0,9.523809523809524,9.523809523809524,9.523809523809524,NO
Farmacias Guadalajara,farmacia,Jalisco,Puerto Vallarta,Puerto Vallarta,20,20,260.09942899832424,267.4132591086146,508.1930300058318,755.0722511322907,1011.855794181732,668.9299910717252,0.1,10.0,0.7,50.0,1.8,80.0,2.6,90.0,4.9,95.0,6.9,95.0,10.7,100.0,0.0,0.0,0.0,NO
Farmacias Guadalajara,farmacia,Nuevo León,San Nicolás de los Garza,San Nicolás de los Garza,20,20,491.3754085049031,763.4363086407682,817.7162932016989,1036.1188507274965,1304.7892835230427,866.6199359783595,0.1,10.0,0.1,10.0,0.7,50.0,1.05,65.0,2.8,95.0,5.5,100.0,10.7,100.0,0.0,0.0,0.0,NO
Farmacias Guadalajara,farmacia,Sonora,Cajeme,Ciudad Obregón,20,20,2.9420104735346326,9.955387650453368,805.4200137080264,1275.8685632914821,1434.3095580135873,755.463903340605,0.4,40.0,0.4,40.0,1.0,45.0,2.0,65.0,3.6,90.0,6.4,95.0,10.6,100.0,30.0,30.0,30.0,NO
Farmacias Guadalajara,farmacia,Veracruz de Ignacio de la Llave,Xalapa,Xalapa-Enríquez,20,20,621.3141636963045,874.9941432706878,898.1695693684073,1034.143647121603,1571.329347973754,981.6529208384081,0.0,0.0,0.1,10.0,0.2,20.0,0.8,65.0,2.1,85.0,3.85,100.0,7.7,100.0,0.0,0.0,0.0,NO
Farmacias Guadalajara,farmacia,Hidalgo,Pachuca de Soto,Pachuca de Soto,18,18,200.78823236279584,462.71853131159685,759.2066643129965,1204.0808535059025,1559.6771880001065,816.8696271823794,0.1111111111111111,11.11111111111111,0.4444444444444444,38.888888888888886,1.0555555555555556,61.111111111111114,1.5,66.66666666666667,2.3333333333333335,88.88888888888889,4.166666666666667,100.0,8.833333333333334,100.0,11.11111111111111,11.11111111111111,11.11111111111111,NO
Farmacias Guadalajara,farmacia,Jalisco,San Pedro Tlaquepaque,Tlaquepaque,18,18,337.3394693337483,762.9663371198396,1085.3355158248796,1236.4005490681147,1811.4599390259023,1075.0245696846312,0.1111111111111111,11.11111111111111,0.2222222222222222,22.22222222222222,0.3333333333333333,33.333333333333336,0.5,38.888888888888886,1.2222222222222223,88.88888888888889,2.888888888888889,88.88888888888889,7.055555555555555,100.0,0.0,0.0,11.11111111111111,NO
Farmacias Guadalajara,farmacia,Tamaulipas,Victoria,Ciudad Victoria,18,18,538.5878826291457,690.9521047505476,719.6580001643761,1267.5876470308756,1524.4948414976493,949.5922471925072,0.0,0.0,0.1111111111111111,11.11111111111111,0.8888888888888888,61.111111111111114,1.0,66.66666666666667,2.7777777777777777,88.88888888888889,4.666666666666667,100.0,8.777777777777779,100.0,0.0,0.0,0.0,NO
Farmacias Guadalajara,farmacia,México,Ecatepec de Morelos,Ecatepec de Morelos,17,17,25.686735693045893,35.964401830876604,616.4562506387953,2139.3102477500115,2357.1104193571173,1147.202853749749,0.47058823529411764,29.41176470588235,0.5882352941176471,35.294117647058826,1.0588235294117647,52.94117647058823,1.0588235294117647,52.94117647058823,1.5294117647058822,64.70588235294117,2.176470588235294,70.58823529411765,4.882352941176471,94.11764705882354,0.0,11.764705882352942,29.41176470588235,NO
Farmacias Guadalajara,farmacia,México,Toluca,Toluca de Lerdo,17,17,64.98070264784032,200.23042280952717,389.67631701466536,779.4525570842246,1699.098809302135,659.6476288736601,0.47058823529411764,41.1764705882353,0.7058823529411765,52.94117647058823,2.176470588235294,76.47058823529412,2.6470588235294117,76.47058823529412,5.470588235294118,82.3529411764706,9.117647058823529,94.11764705882354,13.352941176470589,100.0,0.0,0.0,11.764705882352942,NO
Farmacias Guadalajara,farmacia,Nuevo León,General Escobedo,Ciudad General Escobedo,17,17,221.9968273656139,753.351998173561,1085.515757399707,1205.613402193553,1823.984145829495,1022.3804112167946,0.11764705882352941,11.764705882352942,0.23529411764705882,23.529411764705884,0.47058823529411764,47.05882352941177,0.47058823529411764,47.05882352941177,2.7058823529411766,88.23529411764706,4.470588235294118,88.23529411764706,9.294117647058824,100.0,0.0,11.764705882352942,11.764705882352942,NO
Farmacias Guadalajara,farmacia,Ciudad de México,Cuauhtémoc,Cuauhtémoc,16,16,433.4456802178669,542.0282983722215,870.3152073410961,1024.7925880541084,1122.117025885145,793.2892484124635,0.0,0.0,0.125,12.5,0.625,43.75,1.0,62.5,3.5625,100.0,5.1875,100.0,10.25,100.0,0.0,0.0,0.0,NO
Farmacias Guadalajara,farmacia,Guerrero,Acapulco de Juárez,Acapulco de Juárez,16,16,48.6699250250164,204.4007212397124,448.3562571657507,1123.0260461828893,2101.5036027079464,775.7057115213918,0.375,37.5,0.5,50.0,0.875,62.5,0.875,62.5,1.875,81.25,3.25,81.25,4.75,100.0,0.0,0.0,12.5,NO
Farmacias Guadalajara,farmacia,Ciudad de México,Iztapalapa,Iztapalapa,15,15,13.313098755916068,217.72340517034334,810.0286068810441,1634.3842405468606,1903.328148231285,945.9711409151441,0.26666666666666666,26.666666666666668,0.4,40.0,0.5333333333333333,46.666666666666664,0.9333333333333333,60.0,1.2,66.66666666666667,1.8666666666666667,93.33333333333333,4.0,100.0,13.333333333333334,13.333333333333334,26.666666666666668,NO
Farmacias Guadalajara,farmacia,Colima,Colima,Colima,14,14,188.98932701340738,501.8999281509718,818.7186288244255,957.7830508209934,1126.9628910054676,737.061887787586,0.2857142857142857,21.428571428571427,0.42857142857142855,21.428571428571427,0.7142857142857143,42.857142857142854,1.4285714285714286,78.57142857142857,3.4285714285714284,100.0,6.214285714285714,100.0,10.785714285714286,100.0,0.0,0.0,0.0,NO
Farmacias Guadalajara,farmacia,Nayarit,Tepic,Tepic,14,14,306.62825843290534,460.4836172485682,753.5746231602493,1176.7963975777382,1966.2550217363955,1012.7671231945733,0.14285714285714285,14.285714285714286,0.42857142857142855,35.714285714285715,0.7142857142857143,50.0,0.8571428571428571,57.142857142857146,2.142857142857143,78.57142857142857,3.0,92.85714285714286,5.5,100.0,0.0,0.0,0.0,NO
Farmacias Guadalajara,farmacia,Tamaulipas,Ciudad Madero,Ciudad Madero,14,14,568.7159683669958,604.7924250698906,729.8770424930415,922.1325184602101,1127.7002306151362,816.6247074138954,0.0,0.0,0.0,0.0,0.8571428571428571,64.28571428571429,1.2142857142857142,78.57142857142857,3.142857142857143,92.85714285714286,5.642857142857143,100.0,11.5,100.0,0.0,0.0,0.0,NO
Farmacias Guadalajara,farmacia,Tamaulipas,Tampico,Tampico,14,14,245.06821700816278,765.0330423539995,889.6301770198015,1498.8036078417745,1754.6300671811582,1013.7448894987587,0.14285714285714285,14.285714285714286,0.14285714285714285,14.285714285714286,0.5,50.0,0.7142857142857143,57.142857142857146,1.3571428571428572,71.42857142857143,3.357142857142857,100.0,7.285714285714286,100.0,0.0,14.285714285714286,14.285714285714286,NO
Farmacias Guadalajara,farmacia,Ciudad de México,Tlalpan,Tlalpan,13,13,753.5320164397103,782.0763828252555,994.3598182403618,1451.2550216146326,2452.024522506894,1400.2771119823442,0.0,0.0,0.0,0.0,0.3076923076923077,30.76923076923077,0.7692307692307693,53.84615384615385,1.5384615384615385,84.61538461538461,2.3846153846153846,84.61538461538461,3.6923076923076925,92.3076923076923,0.0,0.0,0.0,NO
Farmacias Guadalajara,farmacia,Durango,Gómez Palacio,Gómez Palacio,13,13,473.76541829670055,1038.2051885198343,1149.758101301561,1347.9768488960724,1497.991854766029,1094.4935050084791,0.0,0.0,0.15384615384615385,15.384615384615385,0.3076923076923077,23.076923076923077,0.3076923076923077,23.076923076923077,2.1538461538461537,84.61538461538461,3.6923076923076925,100.0,6.230769230769231,100.0,0.0,0.0,0.0,NO
Farmacias Guadalajara,farmacia,Veracruz de Ignacio de la Llave,Poza Rica de Hidalgo,Poza Rica de Hidalgo,13,13,72.5480399891098,348.9854712256539,800.0718622910173,1029.1999171594134,1187.7969240898558,861.1106854309263,0.15384615384615385,15.384615384615385,0.3076923076923077,30.76923076923077,0.7692307692307693,46.15384615384615,1.5384615384615385,69.23076923076923,3.230769230769231,92.3076923076923,4.769230769230769,92.3076923076923,7.846153846153846,92.3076923076923,15.384615384615385,15.384615384615385,15.384615384615385,NO
Farmacias Guadalajara,farmacia,Campeche,Campeche,San Francisco de Campeche,12,12,801.3244539957948,851.1087711929763,1300.5339274330238,1423.976995632088,1461.6653757983713,1202.6609318096373,0.0,0.0,0.0,0.0,0.16666666666666666,16.666666666666668,0.3333333333333333,33.333333333333336,1.6666666666666667,91.66666666666667,2.3333333333333335,100.0,5.0,100.0,0.0,0.0,0.0,NO
Farmacias Guadalajara,farmacia,Coahuila de Zaragoza,Piedras Negras,Piedras Negras,12,12,66.84178307975884,514.5372454223487,769.9693745854056,1238.2794344581825,1516.9656607834258,879.8996255626066,0.16666666666666666,16.666666666666668,0.16666666666666666,16.666666666666668,0.6666666666666666,58.333333333333336,0.8333333333333334,66.66666666666667,1.8333333333333333,83.33333333333333,3.0,91.66666666666667,6.5,100.0,0.0,16.666666666666668,16.666666666666668,NO
Farmacias Guadalajara,farmacia,Querétaro,Corregidora,El Pueblito,12,12,720.5027472751644,774.2987882200621,1003.225101278408,1130.1500349177104,1290.9914788276506,1136.5385031517994,0.0,0.0,0.0,0.0,0.4166666666666667,41.666666666666664,0.5,41.666666666666664,2.4166666666666665,91.66666666666667,4.333333333333333,91.66666666666667,7.916666666666667,91.66666666666667,0.0,0.0,0.0,NO
Farmacias Guadalajara,farmacia,Querétaro,San Juan del Río,San Juan del Río,12,12,35.82071686268123,455.8438942715528,850.4770756243028,1077.6204337965855,1140.6591672729764,727.7355050694068,0.16666666666666666,16.666666666666668,0.6666666666666666,33.333333333333336,1.5,50.0,2.3333333333333335,66.66666666666667,3.5,100.0,4.666666666666667,100.0,6.833333333333333,100.0,16.666666666666668,16.666666666666668,16.666666666666668,NO
Farmacias Guadalajara,farmacia,Sinaloa,Ahome,Los Mochis,12,12,74.61609985452458,527.9475859348271,834.9568899819807,1383.8339735671502,1543.2341606107898,890.1861151915651,0.16666666666666666,16.666666666666668,0.16666666666666666,16.666666666666668,0.3333333333333333,33.333333333333336,1.0,66.66666666666667,1.6666666666666667,75.0,4.0,100.0,5.333333333333333,100.0,0.0,16.666666666666668,16.666666666666668,NO
Farmacias Guadalajara,farmacia,Veracruz de Ignacio de la Llave,Coatzacoalcos,Coatzacoalcos,12,12,70.82104541757663,704.9953559105171,859.8787226560024,1281.4691203018554,1455.7210395069685,911.46824147054,0.16666666666666666,16.666666666666668,0.16666666666666666,16.666666666666668,0.5,41.666666666666664,0.6666666666666666,58.333333333333336,1.3333333333333333,91.66666666666667,2.5,100.0,5.333333333333333,100.0,16.666666666666668,16.666666666666668,16.666666666666668,NO
Farmacias Guadalajara,farmacia,Veracruz de Ignacio de la Llave,Córdoba,Córdoba,12,12,85.58923338325343,134.30302844832747,402.10078250872346,558.0128713694812,943.8208883103996,503.28471215048717,0.3333333333333333,33.333333333333336,1.3333333333333333,66.66666666666667,2.0,83.33333333333333,3.0,91.66666666666667,5.0,91.66666666666667,5.416666666666667,100.0,8.583333333333334,100.0,0.0,0.0,0.0,NO
Farmacias Guadalajara,farmacia,Veracruz de Ignacio de la Llave,Orizaba,Orizaba,12,12,316.04202184082,445.8867760488265,651.3494615978333,810.0340328082151,1021.8076452844342,668.1665290119902,0.0,0.0,0.4166666666666667,41.666666666666664,0.9166666666666666,75.0,1.75,83.33333333333333,4.333333333333333,100.0,6.833333333333333,100.0,10.916666666666666,100.0,0.0,0.0,0.0,NO
Farmacias Guadalajara,farmacia,Guanajuato,Salamanca,Salamanca,11,11,372.20563118352493,702.5095858704112,1032.1730718125514,1516.825463899333,1663.808901593469,1086.475814628931,0.0,0.0,0.18181818181818182,18.181818181818183,0.7272727272727273,36.36363636363637,1.0909090909090908,45.45454545454545,2.3636363636363638,72.72727272727273,4.090909090909091,100.0,7.545454545454546,100.0,0.0,0.0,0.0,NO
Farmacias Guadalajara,farmacia,México,Tecámac,Ojo de Agua,11,11,51.44859685659784,568.8346127464425,721.0824806202381,1495.003673230804,2060.8262394371905,1004.8439651711479,0.18181818181818182,18.181818181818183,0.36363636363636365,18.181818181818183,0.9090909090909091,54.54545454545455,1.0909090909090908,54.54545454545455,1.6363636363636365,72.72727272727273,3.0,81.81818181818181,6.454545454545454,100.0,0.0,0.0,18.181818181818183,NO
Farmacias Guadalajara,farmacia,San Luis Potosí,Soledad de Graciano Sánchez,Soledad de Graciano Sánchez,11,11,639.4442180714765,922.3133626200981,1212.2588274211598,1539.085521425734,1650.6720174261961,1274.7815488991153,0.0,0.0,0.0,0.0,0.36363636363636365,27.272727272727273,0.36363636363636365,27.272727272727273,1.5454545454545454,72.72727272727273,3.272727272727273,90.9090909090909,7.545454545454546,100.0,0.0,0.0,0.0,NO
Farmacias Guadalajara,farmacia,Chiapas,Tapachula,Tapachula de Córdova y Ordóñez,10,10,168.85725416647446,405.18024511664805,447.3144946679927,876.5887070670833,1287.6125364612667,643.356490415588,0.2,20.0,1.0,60.0,1.6,60.0,2.2,80.0,4.8,100.0,7.0,100.0,8.8,100.0,0.0,0.0,0.0,NO
Farmacias Guadalajara,farmacia,Ciudad de México,Gustavo A. Madero,Gustavo A. Madero,10,10,672.0224061430453,711.0265977595291,923.4467852722034,1258.3640832715173,1655.8205293142892,1082.587230179333,0.0,0.0,0.0,0.0,0.4,40.0,0.8,70.0,1.2,80.0,1.6,90.0,3.5,100.0,0.0,0.0,0.0,NO
Farmacias Guadalajara,farmacia,Jalisco,Tonalá,Tonalá,10,10,242.93416862689966,318.30972541877844,790.775574722939,1033.5146435698055,1543.3174764061794,939.6223397876065,0.2,20.0,0.4,40.0,0.6,50.0,1.0,60.0,2.6,90.0,4.5,90.0,9.4,90.0,0.0,0.0,0.0,NO
Farmacias Guadalajara,farmacia,Michoacán de Ocampo,Zamora,Zamora de Hidalgo,10,10,438.64473023114044,504.9799982967252,950.9778538741677,1197.0742666734727,1668.7126583551112,1023.7449560614486,0.0,0.0,0.4,30.0,0.8,40.0,1.4,50.0,2.8,80.0,4.6,90.0,7.3,100.0,0.0,0.0,0.0,NO
Farmacias Guadalajara,farmacia,México,Tlalnepantla de Baz,Tlalnepantla,10,10,236.0368163243581,245.62726801795833,849.0612047493771,1333.0533283119753,1359.998258036979,809.7955394790923,0.4,40.0,0.6,50.0,0.8,50.0,0.8,50.0,2.0,100.0,3.4,100.0,6.5,100.0,0.0,0.0,0.0,NO
Farmacias Guadalajara,farmacia,Nuevo León,Santa Catarina,Ciudad Santa Catarina,10,10,598.7314132750473,1107.2682866030784,1509.0558021368483,1601.7344917962055,1683.3676833921916,1296.601471940615,0.0,0.0,0.0,0.0,0.2,20.0,0.2,20.0,0.4,40.0,1.7,100.0,3.6,100.0,0.0,0.0,0.0,NO
Farmacias Guadalajara,farmacia,Zacatecas,Guadalupe,Guadalupe,10,10,23.704623658371343,417.8640015283349,987.3546558187647,1085.5649054534474,1490.3652866351426,884.813942403466,0.2,20.0,0.6,30.0,0.8,40.0,1.0,50.0,2.6,90.0,3.8,90.0,6.6,100.0,0.0,20.0,20.0,NO
Farmacias Guadalajara,farmacia,Zacatecas,Zacatecas,Zacatecas,10,10,1.0981516858798845,189.6981569483502,559.9719467431396,1091.5754713300075,1144.0096073565867,607.4191030200931,0.4,40.0,1.4,50.0,1.8,60.0,2.6,70.0,4.8,100.0,6.0,100.0,6.4,100.0,20.0,20.0,20.0,NO
McDonald's,fast_food,Quintana Roo,Benito Juárez,Cancún,19,19,0.0,68.03526698778609,136.6325514738907,1628.2306198864276,4056.73260617045,1157.9601702057062,0.7368421052631579,57.89473684210526,0.7368421052631579,57.89473684210526,0.7368421052631579,57.89473684210526,0.8421052631578947,68.42105263157895,2.4210526315789473,73.6842105263158,3.789473684210526,84.21052631578948,6.0,84.21052631578948,15.789473684210526,15.789473684210526,26.31578947368421,NO
McDonald's,fast_food,Ciudad de México,Iztapalapa,Iztapalapa,15,15,0.0,0.0,15.031842070481279,1796.2299447375547,3168.769632250963,1055.1468627092995,1.6,60.0,1.6,60.0,1.6,60.0,2.1333333333333333,60.0,2.2666666666666666,66.66666666666667,3.2666666666666666,80.0,3.6666666666666665,86.66666666666667,33.333333333333336,53.333333333333336,53.333333333333336,NO
McDonald's,fast_food,Ciudad de México,Cuauhtémoc,Cuauhtémoc,13,13,258.070389366582,259.6772622370648,498.50283137957183,778.5886638350577,830.3556478413237,566.419471723099,0.0,0.0,0.8461538461538461,53.84615384615385,1.6153846153846154,84.61538461538461,2.076923076923077,92.3076923076923,3.6153846153846154,100.0,5.615384615384615,100.0,11.538461538461538,100.0,0.0,0.0,0.0,NO
McDonald's,fast_food,Guerrero,Acapulco de Juárez,Acapulco de Juárez,11,11,2.5197581590520803,4.271275551235349,1041.9344966854246,2412.383855577147,4702.7972793984745,1500.7556245484964,0.7272727272727273,45.45454545454545,0.7272727272727273,45.45454545454545,0.7272727272727273,45.45454545454545,0.7272727272727273,45.45454545454545,1.8181818181818181,63.63636363636363,1.8181818181818181,63.63636363636363,2.3636363636363638,81.81818181818181,36.36363636363637,36.36363636363637,36.36363636363637,NO
McDonald's,fast_food,Jalisco,Guadalajara,Guadalajara,11,11,625.8211495673186,1418.611601049875,2080.622487928701,2812.989200287209,2878.0923267579665,2111.421794642811,0.0,0.0,0.0,0.0,0.18181818181818182,18.181818181818183,0.18181818181818182,18.181818181818183,0.36363636363636365,36.36363636363637,0.36363636363636365,36.36363636363637,2.1818181818181817,90.9090909090909,0.0,0.0,0.0,NO
McDonald's,fast_food,Puebla,Puebla,Heroica Puebla de Zaragoza,11,11,1089.7508169459597,1142.1195621922905,1534.6692399367028,2578.508090632856,2979.597966280187,1832.783880926991,0.0,0.0,0.0,0.0,0.0,0.0,0.0,0.0,0.7272727272727273,45.45454545454545,1.0909090909090908,63.63636363636363,2.4545454545454546,90.9090909090909,0.0,0.0,0.0,NO
McDonald's,fast_food,Baja California,Tijuana,Tijuana,10,10,0.1499013717146646,318.804357180806,1725.3672340005505,2896.7674644365243,4790.926630291997,2136.6556257823877,0.2,20.0,0.4,40.0,0.4,40.0,0.4,40.0,0.4,40.0,1.6,70.0,1.8,70.0,20.0,20.0,20.0,NO
OXXO,conveniencia,Baja California,Tijuana,Tijuana,679,679,129.083679054433,220.25120710637603,338.0958444574586,459.22236471541214,575.8395769623841,355.01184998730935,0.5979381443298969,30.4860088365243,2.519882179675994,81.73784977908689,6.04860088365243,97.34904270986745,9.05301914580265,99.11634756995582,18.22238586156112,99.85272459499264,29.795287187039765,100.0,58.577319587628864,100.0,1.7673048600883652,2.9455081001472756,4.123711340206185,YES
OXXO,conveniencia,Nuevo León,Monterrey,Monterrey,531,531,43.12183526626463,127.0807405878534,282.5655944669029,381.61845030870785,517.283373090718,282.4049970611667,0.9096045197740112,44.25612052730697,3.7721280602636535,88.88888888888889,9.195856873822976,98.4934086629002,14.065913370998116,99.62335216572505,29.048964218455744,100.0,48.357815442561204,100.0,98.090395480226,100.0,3.766478342749529,5.649717514124294,13.182674199623353,YES
OXXO,conveniencia,Baja California,Mexicali,Mexicali,420,420,128.5946226826026,237.8305854104897,376.2001662494725,499.57770213147637,642.0923964417418,379.75600581924635,0.3333333333333333,26.904761904761905,1.480952380952381,75.47619047619048,4.195238095238095,97.85714285714286,6.5476190476190474,98.80952380952381,14.166666666666666,100.0,23.895238095238096,100.0,49.964285714285715,100.0,1.9047619047619047,1.9047619047619047,5.714285714285714,YES
OXXO,conveniencia,Chihuahua,Juárez,Juárez,400,400,183.9482289319957,321.852194256591,460.18641160132665,608.0165518984887,780.7621142394872,491.3415066230081,0.18,15.25,0.99,59.25,2.82,90.25,4.41,96.0,9.6,98.5,16.275,99.75,34.735,100.0,1.0,1.5,2.75,YES
OXXO,conveniencia,Chihuahua,Chihuahua,Chihuahua,363,363,193.66629152102098,304.65201165479334,437.4081894288192,585.7491419328627,792.8551922683555,480.7290024470605,0.20385674931129477,17.90633608815427,1.1322314049586777,64.46280991735537,3.484848484848485,90.08264462809917,5.380165289256198,95.59228650137742,11.652892561983471,98.89807162534436,19.49862258953168,99.17355371900827,39.710743801652896,100.0,1.6528925619834711,1.6528925619834711,3.3057851239669422,YES
OXXO,conveniencia,Puebla,Puebla,Heroica Puebla de Zaragoza,325,325,190.19808904285446,274.72084490407957,399.3099926292923,541.4294381031871,679.446727348057,426.14026369581575,0.27076923076923076,21.23076923076923,1.5815384615384616,69.84615384615384,4.44,94.46153846153847,6.852307692307693,99.38461538461539,15.31076923076923,99.6923076923077,26.033846153846152,100.0,55.738461538461536,100.0,1.2307692307692308,1.2307692307692308,1.2307692307692308,YES
OXXO,conveniencia,Sonora,Hermosillo,Hermosillo,318,318,158.6893658636387,313.2029516710159,415.88381306103895,524.0295331818529,654.3690950030887,426.1552565569832,0.18238993710691823,15.09433962264151,1.169811320754717,69.81132075471699,3.6855345911949686,96.85534591194968,5.817610062893082,99.05660377358491,12.783018867924529,99.68553459119497,21.91823899371069,99.68553459119497,47.07861635220126,100.0,2.5157232704402515,2.5157232704402515,5.660377358490566,YES
OXXO,conveniencia,Coahuila de Zaragoza,Saltillo,Saltillo,313,313,123.39580136440597,266.10069859569086,362.4538062966533,494.1444748210776,607.8727459434009,380.010907964745,0.30670926517571884,22.044728434504794,1.8083067092651757,75.39936102236422,4.73482428115016,98.08306709265176,7.6485623003194885,99.36102236421725,16.536741214057507,99.68051118210863,28.575079872204473,100.0,59.115015974440894,100.0,2.5559105431309903,3.194888178913738,5.111821086261981,YES
OXXO,conveniencia,Querétaro,Querétaro,Santiago de Querétaro,309,309,66.68115456166727,168.4846920648395,264.66289408382954,392.87410756454216,490.54909646657654,290.4972400911169,0.6440129449838188,45.954692556634306,2.6019417475728157,90.61488673139158,6.31715210355987,98.05825242718447,9.744336569579287,98.70550161812298,20.993527508090615,99.67637540453075,35.605177993527505,100.0,72.22977346278317,100.0,2.588996763754045,5.17799352750809,8.414239482200648,YES
OXXO,conveniencia,Yucatán,Mérida,Mérida,291,291,261.9770771544551,386.11848962732046,523.3686289017306,652.9433338853297,827.0850963527986,541.7968739308934,0.3161512027491409,9.965635738831615,1.2920962199312716,44.329896907216494,3.381443298969072,89.00343642611683,4.828178694158075,94.84536082474227,9.608247422680412,100.0,15.673539518900343,100.0,33.876288659793815,100.0,0.0,0.0,0.6872852233676976,YES
OXXO,conveniencia,Sinaloa,Culiacán,Culiacán Rosales,285,285,122.19362194724016,254.62109613205814,370.1035477566239,546.409022538254,696.0719424501768,411.2797141978106,0.3298245614035088,24.56140350877193,1.4,68.42105263157895,4.12280701754386,96.14035087719299,6.56140350877193,97.54385964912281,14.592982456140351,99.64912280701755,25.231578947368423,99.64912280701755,52.6,99.64912280701755,2.456140350877193,3.1578947368421053,6.315789473684211,YES
OXXO,conveniencia,Jalisco,Guadalajara,Guadalajara,281,281,150.50065513746992,223.65848637466922,349.9702325665026,480.1141652662848,614.7349607227677,373.87947372989635,0.3879003558718861,28.469750889679716,1.8790035587188612,77.93594306049822,4.889679715302491,97.15302491103203,7.854092526690391,99.28825622775801,17.256227758007118,100.0,30.505338078291814,100.0,65.2170818505338,100.0,0.0,0.0,2.1352313167259784,YES
OXXO,conveniencia,Jalisco,Zapopan,Zapopan,271,271,87.4350258433591,253.59657922943273,405.64365682386193,522.2507908418987,688.2353741281667,404.74947042047785,0.3173431734317343,24.723247232472325,1.3690036900369005,69.37269372693727,3.9483394833948338,95.20295202952029,6.047970479704797,97.7859778597786,13.597785977859779,100.0,23.387453874538746,100.0,49.38745387453874,100.0,1.4760147601476015,2.952029520295203,7.380073800738008,YES
OXXO,conveniencia,Guanajuato,León,León de los Aldama,265,265,134.3458994020212,256.09546564965615,422.93102493725587,587.0244316204346,770.2021100601517,455.06141917669726,0.3320754716981132,24.90566037735849,1.169811320754717,58.113207547169814,2.9584905660377356,90.94339622641509,4.433962264150943,95.84905660377359,9.720754716981132,99.62264150943396,17.19622641509434,100.0,36.20377358490566,100.0,2.2641509433962264,3.018867924528302,4.528301886792453,YES
OXXO,conveniencia,Guerrero,Acapulco de Juárez,Acapulco de Juárez,251,251,20.696077138125183,110.50074973447862,205.11802598047336,350.5247395807596,638.0539395624213,296.85012594867,1.0597609561752988,56.57370517928287,3.5617529880478087,85.65737051792829,7.569721115537849,94.42231075697211,10.701195219123505,96.81274900398407,20.41832669322709,98.40637450199203,30.97211155378486,98.80478087649402,50.55776892430279,100.0,6.374501992031872,11.155378486055778,17.529880478087648,YES
OXXO,conveniencia,Quintana Roo,Benito Juárez,Cancún,248,248,39.43505248608676,231.56960480013436,339.9446729750845,508.17737094251254,701.4472265333012,389.9136866045427,0.3790322580645161,29.838709677419356,2.0483870967741935,74.59677419354838,5.120967741935484,92.74193548387096,7.657258064516129,97.1774193548387,15.798387096774194,99.19354838709677,26.326612903225808,99.59677419354838,51.971774193548384,100.0,5.645161290322581,8.870967741935484,10.483870967741936,YES
OXXO,conveniencia,Ciudad de México,Cuauhtémoc,Cuauhtémoc,247,247,103.60430379215941,144.01617067791403,197.7069569445381,257.45689019573257,303.4070643434261,199.88436410017698,1.4210526315789473,73.6842105263158,6.684210526315789,100.0,16.93522267206478,100.0,26.37246963562753,100.0,57.987854251012145,100.0,98.65991902834008,100.0,199.31983805668017,100.0,1.6194331983805668,1.6194331983805668,2.42914979757085,YES
OXXO,conveniencia,Nuevo León,Guadalupe,Guadalupe,237,237,98.34688711546204,188.18149545156405,341.37410538893954,467.1830697853992,538.2443908511473,328.9759396577003,0.4092827004219409,32.06751054852321,1.7552742616033756,83.54430379746836,5.320675105485232,100.0,8.270042194092827,100.0,18.0210970464135,100.0,31.59493670886076,100.0,67.37552742616033,100.0,0.0,1.6877637130801688,5.485232067510548,YES
OXXO,conveniencia,Aguascalientes,Aguascalientes,Aguascalientes,225,225,95.91298106789387,212.4393459476158,375.1487137605583,530.5692660867591,722.5136291986059,395.3725754935714,0.6444444444444445,32.0,1.8711111111111112,70.22222222222223,4.431111111111111,92.0,6.835555555555556,97.33333333333333,13.724444444444444,100.0,23.413333333333334,100.0,47.577777777777776,100.0,3.111111111111111,3.111111111111111,7.555555555555555,YES
OXXO,conveniencia,San Luis Potosí,San Luis Potosí,San Luis Potosí,216,216,152.4457687513996,243.39060053550634,362.42485417831375,485.4258256711274,612.1606801552502,382.14271243570573,0.3888888888888889,26.85185185185185,1.7962962962962963,77.31481481481481,4.925925925925926,96.75925925925925,7.277777777777778,98.14814814814815,15.662037037037036,100.0,26.61111111111111,100.0,55.7962962962963,100.0,0.0,0.0,2.7777777777777777,YES
OXXO,conveniencia,Tamaulipas,Nuevo Laredo,Nuevo Laredo,214,214,92.74625444369246,231.65671774569316,364.17513105542474,472.605673172754,667.3076134933776,385.068739219085,0.3177570093457944,26.16822429906542,1.8130841121495327,78.03738317757009,4.981308411214953,95.32710280373831,7.457943925233645,97.19626168224299,16.401869158878505,99.53271028037383,27.53271028037383,100.0,54.02336448598131,100.0,1.8691588785046729,7.4766355140186915,7.4766355140186915,YES
OXXO,conveniencia,Tamaulipas,Matamoros,Heroica Matamoros,210,210,128.97350773733325,259.7382131930932,403.0145910054274,511.32401693056806,603.0655344339849,397.26975794706726,0.2761904761904762,24.285714285714285,1.5047619047619047,73.33333333333333,4.542857142857143,98.57142857142857,7.247619047619048,99.04761904761905,15.719047619047618,99.04761904761905,26.347619047619048,99.52380952380952,53.023809523809526,100.0,2.857142857142857,4.761904761904762,7.619047619047619,YES
OXXO,conveniencia,Coahuila de Zaragoza,Torreón,Torreón,207,207,158.70474651015968,294.4581274962214,423.6872010669306,566.0798339113496,739.5890908315421,442.6648569014856,0.1932367149758454,17.391304347826086,1.1690821256038648,62.80193236714976,3.2753623188405796,92.27053140096618,5.106280193236715,97.10144927536231,10.603864734299517,99.51690821256038,18.06280193236715,100.0,36.91787439613527,100.0,1.932367149758454,1.932367149758454,3.864734299516908,YES
OXXO,conveniencia,Tamaulipas,Reynosa,Reynosa,205,205,67.8063344678533,281.92066484051327,414.31027425928215,613.2120483606705,880.7888842936925,476.85398109179346,0.25365853658536586,20.975609756097562,1.1560975609756097,65.85365853658537,2.765853658536585,85.85365853658537,4.365853658536586,93.65853658536585,9.268292682926829,98.04878048780488,15.93658536585366,100.0,32.0390243902439,100.0,4.878048780487805,6.829268292682927,9.75609756097561,YES
OXXO,conveniencia,Durango,Durango,Victoria de Durango,192,192,197.47967840983134,271.28646425127744,418.8040496950721,578.8271798222411,698.9554692091542,472.7188636531476,0.3020833333333333,21.354166666666668,1.46875,59.895833333333336,4.270833333333333,92.70833333333333,6.692708333333333,96.35416666666667,14.041666666666666,98.95833333333333,24.572916666666668,99.47916666666667,50.21875,99.47916666666667,0.0,0.0,0.0,YES
OXXO,conveniencia,Nuevo León,Apodaca,Ciudad Apodaca,187,187,118.64240522604942,245.1608049881449,364.4498500516222,473.78698034332257,653.3389470877721,382.019182411772,0.3582887700534759,25.668449197860962,1.8556149732620322,81.28342245989305,4.427807486631016,94.6524064171123,6.919786096256685,98.39572192513369,14.60427807486631,99.46524064171123,25.144385026737968,100.0,51.1764705882353,100.0,2.1390374331550803,2.1390374331550803,4.278074866310161,YES
OXXO,conveniencia,Ciudad de México,Benito Juárez,Benito Juárez,179,179,104.12523285646483,150.30416488788387,210.88237720994755,284.28037183127617,328.4782527791123,219.05859495241114,0.88268156424581,63.12849162011173,4.860335195530726,98.88268156424581,12.843575418994414,100.0,20.223463687150836,100.0,44.40782122905028,100.0,76.07821229050279,100.0,159.77653631284917,100.0,1.1173184357541899,1.1173184357541899,3.35195530726257,YES
OXXO,conveniencia,Veracruz de Ignacio de la Llave,Veracruz,Veracruz,156,156,168.35820208870365,217.09831343331828,307.9193915234334,447.2600587807938,566.2273652627525,344.96609030326647,0.4166666666666667,32.05128205128205,2.83974358974359,83.33333333333333,7.519230769230769,98.07692307692308,11.564102564102564,99.35897435897436,23.794871794871796,100.0,38.82051282051282,100.0,72.52564102564102,100.0,0.0,0.0,1.2820512820512822,YES
OXXO,conveniencia,Michoacán de Ocampo,Morelia,Morelia,155,155,249.72291727532732,315.753160102451,413.28085388457964,600.0041719303495,795.1027459019758,507.66190474871576,0.15483870967741936,10.32258064516129,1.2580645161290323,59.354838709677416,3.632258064516129,90.3225806451613,5.638709677419355,96.12903225806451,12.683870967741935,97.41935483870968,21.412903225806453,98.70967741935483,42.038709677419355,100.0,0.0,0.0,0.0,YES
OXXO,conveniencia,Ciudad de México,Iztapalapa,Iztapalapa,148,148,133.4977989392484,258.95748063841535,405.37655031320605,507.6754525515717,679.0097420353695,416.03875887316246,0.3108108108108108,21.62162162162162,1.3783783783783783,70.94594594594595,3.8783783783783785,95.27027027027027,6.074324324324325,97.97297297297297,13.013513513513514,100.0,22.41891891891892,100.0,49.41891891891892,100.0,0.0,1.3513513513513513,3.3783783783783785,YES
OXXO,conveniencia,Tamaulipas,Tampico,Tampico,141,141,109.5212992309139,215.63722643660225,338.83049345665324,436.7365198376705,525.1752797979466,328.77330081599376,0.6524822695035462,31.914893617021278,2.8297872340425534,82.26950354609929,7.276595744680851,100.0,10.418439716312056,100.0,20.02127659574468,100.0,31.71631205673759,100.0,59.54609929078014,100.0,2.127659574468085,3.5460992907801416,3.5460992907801416,YES
OXXO,conveniencia,Sinaloa,Mazatlán,Mazatlán,139,139,150.68894946369437,254.03768886550426,391.7910463443461,565.317631155351,766.8813809385366,460.77988957018584,0.302158273381295,24.46043165467626,1.4244604316546763,67.62589928057554,3.539568345323741,92.0863309352518,5.410071942446043,94.96402877697842,10.870503597122303,98.56115107913669,17.402877697841728,99.28057553956835,34.49640287769784,99.28057553956835,0.0,1.4388489208633093,2.8776978417266186,YES
OXXO,conveniencia,Chiapas,Tuxtla Gutiérrez,Tuxtla Gutiérrez,137,137,205.43936145834226,318.91188925346904,433.01412208241686,571.7669702131843,854.5745591860428,484.689268625689,0.23357664233576642,17.51824817518248,1.635036496350365,61.31386861313869,5.094890510948905,89.05109489051095,8.13138686131387,94.8905109489051,17.2992700729927,98.54014598540147,28.043795620437955,98.54014598540147,50.62043795620438,100.0,0.0,2.9197080291970803,4.37956204379562,YES
OXXO,conveniencia,Sonora,Cajeme,Ciudad Obregón,135,135,18.044908024933413,233.68854479469908,418.75472137018227,519.2634890075527,557.362171429303,368.90183551515963,0.3111111111111111,27.40740740740741,1.3333333333333333,73.33333333333333,4.044444444444444,97.77777777777777,6.45925925925926,100.0,14.044444444444444,100.0,23.496296296296297,100.0,46.34074074074074,100.0,7.407407407407407,12.592592592592593,15.555555555555555,YES
OXXO,conveniencia,Sinaloa,Ahome,Los Mochis,134,134,81.15691615309711,191.51630597296952,349.3011519118532,434.9575608921641,560.610237513827,343.2915957469567,0.40298507462686567,29.104477611940297,1.9701492537313432,79.85074626865672,5.664179104477612,99.25373134328358,8.380597014925373,99.25373134328358,17.79850746268657,99.25373134328358,30.223880597014926,100.0,59.798507462686565,100.0,0.0,0.0,4.477611940298507,YES
OXXO,conveniencia,Coahuila de Zaragoza,Monclova,Monclova,132,132,147.556264729544,303.7999229603113,401.9030123570562,492.9008944882994,605.0218766404971,386.7439715855543,0.2878787878787879,20.454545454545453,1.4621212121212122,75.0,4.515151515151516,98.48484848484848,7.143939393939394,100.0,15.68939393939394,100.0,26.106060606060606,100.0,51.96212121212121,100.0,3.0303030303030303,6.0606060606060606,6.0606060606060606,YES
OXXO,conveniencia,Baja California Sur,La Paz,La Paz,131,131,131.68146560474094,236.25861984085674,348.7030440271762,549.5401449064522,747.9660463028714,425.0923193476123,0.33587786259541985,28.244274809160306,1.4351145038167938,70.22900763358778,4.229007633587786,90.83969465648855,6.763358778625954,95.41984732824427,13.557251908396946,97.70992366412214,21.83969465648855,100.0,40.343511450381676,100.0,3.053435114503817,4.580152671755725,4.580152671755725,YES
OXXO,conveniencia,Nuevo León,San Nicolás de los Garza,San Nicolás de los Garza,130,130,96.95436556212884,183.3923330739981,356.03411144711026,484.58381181791884,592.6000088997156,353.7625239315084,0.4307692307692308,35.38461538461539,1.6846153846153846,76.92307692307692,4.7153846153846155,96.92307692307692,7.553846153846154,100.0,17.43846153846154,100.0,31.046153846153846,100.0,67.8,100.0,1.5384615384615385,4.615384615384615,6.153846153846154,YES
OXXO,conveniencia,Quintana Roo,Solidaridad,Playa del Carmen,121,121,44.118791491571564,167.2544045762294,332.5105971862485,454.780137637175,559.1969308122406,324.1497905388709,0.7933884297520661,34.710743801652896,2.975206611570248,83.47107438016529,6.694214876033058,97.52066115702479,9.636363636363637,100.0,17.917355371900825,100.0,27.867768595041323,100.0,48.46280991735537,100.0,6.6115702479338845,8.264462809917354,13.223140495867769,YES
OXXO,conveniencia,Tamaulipas,Victoria,Ciudad Victoria,121,121,104.84342896179162,291.4285779870767,408.07567147088156,544.3868583167972,666.0951762383181,418.20564613572697,0.23140495867768596,19.834710743801654,1.3388429752066116,71.90082644628099,3.727272727272727,94.21487603305785,6.1735537190082646,98.34710743801652,13.644628099173554,100.0,23.859504132231404,100.0,47.553719008264466,100.0,3.3057851239669422,4.958677685950414,8.264462809917354,YES
OXXO,conveniencia,Baja California,Ensenada,Ensenada,120,120,109.68752416693428,263.07838829766337,387.4729518047535,531.7087543383197,702.1441924325236,441.8177197984985,0.2916666666666667,22.5,1.1583333333333334,65.83333333333333,3.675,93.33333333333333,5.458333333333333,94.16666666666667,11.858333333333333,97.5,19.241666666666667,100.0,36.625,100.0,1.6666666666666667,3.3333333333333335,5.833333333333333,YES
OXXO,conveniencia,Tabasco,Centro,Villahermosa,119,119,59.18430916339823,227.05646676145244,309.87395459793464,441.15641383274385,656.6307351176902,348.1964471423195,0.6218487394957983,38.65546218487395,2.596638655462185,83.19327731092437,6.100840336134453,95.7983193277311,9.008403361344538,98.31932773109244,17.025210084033613,100.0,28.03361344537815,100.0,52.47899159663866,100.0,3.361344537815126,5.042016806722689,10.92436974789916,YES
OXXO,conveniencia,Ciudad de México,Álvaro Obregón,Álvaro Obregón,114,114,126.0337735020239,230.96005542383134,359.63217710862,500.6358942326514,759.1937299951478,403.3747345617169,0.2807017543859649,26.31578947368421,1.5614035087719298,73.6842105263158,4.245614035087719,91.2280701754386,6.921052631578948,95.6140350877193,15.649122807017545,100.0,27.70175438596491,100.0,61.228070175438596,100.0,0.0,1.7543859649122806,5.2631578947368425,YES
OXXO,conveniencia,Ciudad de México,Coyoacán,Coyoacán,109,109,104.05293393470498,206.2049479569482,324.9953183782549,457.78303307422715,563.5111996574396,342.1458467764946,0.4036697247706422,34.862385321100916,1.6788990825688073,79.81651376146789,4.522935779816514,98.1651376146789,6.972477064220183,99.08256880733946,16.40366972477064,100.0,29.165137614678898,100.0,65.79816513761467,100.0,0.0,0.0,0.0,YES
OXXO,conveniencia,Morelos,Cuernavaca,Cuernavaca,108,108,131.0665696873529,227.79489122817083,376.40761433643405,551.3112503381205,763.3281402902903,419.74820241201854,0.37037037037037035,31.48148148148148,1.462962962962963,71.29629629629629,3.75,89.81481481481481,5.842592592592593,97.22222222222223,12.722222222222221,100.0,21.925925925925927,100.0,42.7962962962963,100.0,5.555555555555555,5.555555555555555,7.407407407407407,YES
OXXO,conveniencia,Nuevo León,General Escobedo,Ciudad General Escobedo,108,108,33.73407017056448,198.20816201020952,351.90785612171464,574.1178631991032,760.9577809486955,389.96674464708053,0.4537037037037037,33.333333333333336,1.2037037037037037,66.66666666666667,3.0,94.44444444444444,4.546296296296297,97.22222222222223,10.851851851851851,100.0,18.75,100.0,41.0,100.0,3.7037037037037037,7.407407407407407,15.74074074074074,YES
OXXO,conveniencia,Jalisco,San Pedro Tlaquepaque,Tlaquepaque,107,107,116.58427908652801,265.54398209675446,443.03119111836827,590.922835442258,692.6501862720323,441.91053533138233,0.29906542056074764,24.299065420560748,1.0093457943925233,64.48598130841121,2.9345794392523366,94.39252336448598,4.598130841121495,96.26168224299066,10.14018691588785,100.0,17.16822429906542,100.0,36.47663551401869,100.0,0.0,3.7383177570093458,5.607476635514018,YES
OXXO,conveniencia,Jalisco,Puerto Vallarta,Puerto Vallarta,106,106,66.31815012046981,119.53204035222302,223.20814343977733,399.2013015197953,531.8225150381015,281.813345245338,1.1320754716981132,54.716981132075475,3.7547169811320753,85.84905660377359,7.632075471698113,99.05660377358491,10.11320754716981,99.05660377358491,17.18867924528302,100.0,25.92452830188679,100.0,44.4811320754717,100.0,0.0,1.8867924528301887,7.547169811320755,YES
OXXO,conveniencia,México,Tlalnepantla de Baz,Tlalnepantla,106,106,139.2357144747013,223.6730447124161,324.8690806113883,518.5707855621988,762.922533957424,393.4028196725058,0.41509433962264153,30.18867924528302,2.047169811320755,73.58490566037736,4.90566037735849,93.39622641509433,7.018867924528302,97.16981132075472,14.537735849056604,100.0,24.50943396226415,100.0,49.264150943396224,100.0,3.7735849056603774,3.7735849056603774,3.7735849056603774,YES
OXXO,conveniencia,Ciudad de México,Venustiano Carranza,Venustiano Carranza,104,104,68.88980618495202,158.67373660740233,246.84033599419467,332.66086220353793,405.4622230964449,251.57753446796445,0.6346153846153846,50.96153846153846,3.201923076923077,97.11538461538461,7.634615384615385,100.0,11.932692307692308,100.0,25.307692307692307,100.0,42.99038461538461,100.0,94.13461538461539,100.0,1.9230769230769231,1.9230769230769231,9.615384615384615,YES
OXXO,conveniencia,Coahuila de Zaragoza,Piedras Negras,Piedras Negras,100,100,62.76173648809886,159.84126347377912,381.9937344946337,523.0162784187319,649.3371539730125,367.60309072202523,0.4,31.0,1.51,67.0,4.16,97.0,6.62,99.0,13.92,100.0,22.61,100.0,42.26,100.0,4.0,8.0,8.0,YES
OXXO,conveniencia,Ciudad de México,Miguel Hidalgo,Miguel Hidalgo,97,97,123.70135484965122,155.28883617464484,224.36452227455825,308.9485786882627,382.7988964831418,264.2547492662451,0.8762886597938144,60.824742268041234,4.010309278350515,93.81443298969072,9.309278350515465,98.96907216494846,14.77319587628866,98.96907216494846,31.278350515463917,98.96907216494846,53.94845360824742,100.0,115.0,100.0,0.0,0.0,2.0618556701030926,YES
OXXO,conveniencia,Sonora,Nogales,Heroica Nogales,94,94,155.27225632579112,268.16402607310226,408.348986391304,544.2181650164316,740.9987974699875,439.2183525190616,0.2553191489361702,22.340425531914892,1.2553191489361701,62.765957446808514,3.617021276595745,92.55319148936171,5.638297872340425,96.80851063829788,11.648936170212766,98.93617021276596,18.648936170212767,100.0,33.808510638297875,100.0,2.127659574468085,2.127659574468085,8.51063829787234,YES
OXXO,conveniencia,México,Naucalpan de Juárez,Naucalpan de Juárez,93,93,84.17125992551358,186.25984424015067,369.943869307828,505.41003326622854,768.3739150790825,415.7721486159267,0.3548387096774194,30.107526881720432,1.7204301075268817,74.19354838709677,3.774193548387097,90.3225806451613,5.655913978494624,95.6989247311828,12.473118279569892,97.84946236559139,20.50537634408602,98.9247311827957,41.645161290322584,100.0,2.150537634408602,4.301075268817204,8.602150537634408,YES
OXXO,conveniencia,México,Toluca,Toluca de Lerdo,93,93,163.15225196491863,231.2424301302123,317.4022307934709,387.3334817935274,497.07554315683325,319.7759383575828,0.3763440860215054,27.956989247311828,2.4516129032258065,91.39784946236558,6.559139784946237,98.9247311827957,10.580645161290322,100.0,22.731182795698924,100.0,38.215053763440864,100.0,74.3225806451613,100.0,0.0,0.0,5.376344086021505,YES
OXXO,conveniencia,Nuevo León,Juárez,Ciudad Benito Juárez,91,91,72.68983868701264,269.90927984941004,378.57000212635035,552.0509331676049,763.3487260531069,416.72283327246714,0.24175824175824176,24.175824175824175,1.2087912087912087,68.13186813186813,3.1648351648351647,91.20879120879121,4.747252747252747,98.9010989010989,10.0,100.0,16.791208791208792,100.0,36.857142857142854,100.0,2.197802197802198,2.197802197802198,5.4945054945054945,YES
OXXO,conveniencia,Nayarit,Tepic,Tepic,88,88,160.3102706201147,276.9121706152947,353.12679501541754,576.0501514548706,736.1664756368208,436.63715670863934,0.29545454545454547,20.454545454545453,1.6590909090909092,65.9090909090909,4.295454545454546,93.18181818181819,6.4772727272727275,97.72727272727273,12.522727272727273,98.86363636363636,19.670454545454547,100.0,35.70454545454545,100.0,0.0,0.0,0.0,YES
OXXO,conveniencia,Tamaulipas,Ciudad Madero,Ciudad Madero,87,87,159.2676558796359,256.49445108535315,337.9745421865803,511.2033799739652,591.598708439472,385.26293398739193,0.3448275862068966,21.839080459770116,1.9540229885057472,72.41379310344827,5.7011494252873565,95.40229885057471,8.862068965517242,98.85057471264368,18.620689655172413,100.0,30.82758620689655,100.0,61.3448275862069,100.0,0.0,2.2988505747126435,3.4482758620689653,YES
OXXO,conveniencia,Guanajuato,Celaya,Celaya,86,86,160.16583619965706,264.9761126652534,483.74572039632295,584.5861394076985,714.1077267646624,447.9262956873565,0.2558139534883721,24.41860465116279,1.255813953488372,54.651162790697676,3.5348837209302326,96.51162790697674,4.965116279069767,98.83720930232558,11.034883720930232,100.0,18.337209302325583,100.0,35.96511627906977,100.0,0.0,0.0,2.3255813953488373,YES
OXXO,conveniencia,México,Ecatepec de Morelos,Ecatepec de Morelos,86,86,265.8754028587922,316.0385466755511,546.0817004493357,742.078343144951,881.3396306227418,548.9904101286406,0.09302325581395349,9.30232558139535,0.6511627906976745,48.83720930232558,1.9534883720930232,81.3953488372093,2.988372093023256,95.34883720930233,6.337209302325581,98.83720930232558,10.767441860465116,100.0,22.372093023255815,100.0,0.0,2.3255813953488373,2.3255813953488373,YES
OXXO,conveniencia,Hidalgo,Pachuca de Soto,Pachuca de Soto,85,85,184.86797395553322,323.45143816466975,417.8861285793068,491.1930743258125,792.1658497456631,442.37116261944544,0.16470588235294117,16.470588235294116,1.1176470588235294,76.47058823529412,3.2,89.41176470588235,4.9411764705882355,98.82352941176471,10.541176470588235,100.0,17.32941176470588,100.0,31.764705882352942,100.0,0.0,0.0,0.0,YES
OXXO,conveniencia,Sonora,San Luis Río Colorado,San Luis Río Colorado,85,85,281.75263354256424,380.64289290755397,518.8012664162563,658.7125662015695,768.3249132273106,530.8482736285797,0.07058823529411765,7.0588235294117645,0.5647058823529412,48.23529411764706,2.1411764705882352,92.94117647058823,3.458823529411765,97.6470588235294,8.423529411764706,98.82352941176471,14.611764705882353,98.82352941176471,29.48235294117647,100.0,4.705882352941177,4.705882352941177,4.705882352941177,YES
OXXO,conveniencia,Guanajuato,Irapuato,Irapuato,83,83,49.22070636570008,264.44510119803516,455.3222479280604,616.0930672284171,801.8733110559062,480.39112289052105,0.26506024096385544,24.096385542168676,0.8433734939759037,60.24096385542169,1.9879518072289157,89.1566265060241,3.1927710843373496,92.7710843373494,7.457831325301205,97.59036144578313,12.72289156626506,98.79518072289157,26.566265060240966,100.0,0.0,4.819277108433735,12.048192771084338,YES
OXXO,conveniencia,Ciudad de México,Tlalpan,Tlalpan,82,82,171.32579352621556,245.15738477990826,381.00855512930303,448.98035780387374,703.1778093083228,426.22036839391797,0.2926829268292683,26.829268292682926,1.3780487804878048,78.04878048780488,3.6097560975609757,92.6829268292683,5.524390243902439,93.90243902439025,11.658536585365853,98.78048780487805,19.097560975609756,100.0,39.646341463414636,100.0,0.0,2.4390243902439024,4.878048780487805,YES
OXXO,conveniencia,Ciudad de México,Gustavo A. Madero,Gustavo A. Madero,80,80,195.48667372129574,320.38877372938606,371.2658142087604,475.0554765680965,630.1605240625955,405.91444785458174,0.25,22.5,1.4375,76.25,4.0625,96.25,6.425,98.75,14.35,100.0,25.1,100.0,56.2,100.0,2.5,2.5,2.5,YES
OXXO,conveniencia,México,Cuautitlán Izcalli,Cuautitlán Izcalli,77,77,23.311434552789063,278.1380100843683,394.63549511210175,639.5096283733301,1057.92402015279,515.0315671276577,0.2077922077922078,20.77922077922078,1.0649350649350648,61.03896103896104,2.5454545454545454,84.41558441558442,4.1688311688311686,88.31168831168831,8.597402597402597,94.8051948051948,15.051948051948052,97.40259740259741,30.818181818181817,100.0,5.194805194805195,12.987012987012987,12.987012987012987,YES
OXXO,conveniencia,Nuevo León,García,García,73,73,90.71828772787794,233.3020291596499,363.8520792038493,496.2977698396823,625.3205418201716,387.3956623922614,0.3287671232876712,26.027397260273972,1.5890410958904109,76.71232876712328,3.4246575342465753,93.15068493150685,5.4520547945205475,94.52054794520548,10.917808219178083,100.0,17.876712328767123,100.0,32.83561643835616,100.0,0.0,2.73972602739726,8.219178082191782,YES
OXXO,conveniencia,Baja California Sur,Los Cabos,Cabo San Lucas,72,72,56.01723011363519,206.51585673166392,361.68139186813244,499.1897024562632,941.9419277619149,510.1518067945556,0.4722222222222222,31.944444444444443,1.75,75.0,4.472222222222222,88.88888888888889,6.333333333333333,90.27777777777777,11.666666666666666,98.61111111111111,17.11111111111111,98.61111111111111,29.22222222222222,98.61111111111111,2.7777777777777777,8.333333333333334,11.11111111111111,YES
OXXO,conveniencia,Durango,Gómez Palacio,Gómez Palacio,72,72,254.26702271609253,312.45614929970657,512.8344072801683,686.9985959525754,826.9312182384003,535.198914469765,0.05555555555555555,5.555555555555555,0.7361111111111112,47.22222222222222,2.4027777777777777,87.5,3.986111111111111,94.44444444444444,9.166666666666666,100.0,16.5,100.0,34.138888888888886,100.0,0.0,0.0,0.0,YES
OXXO,conveniencia,Nuevo León,Santa Catarina,Ciudad Santa Catarina,72,72,178.63573077437403,317.6230795098951,401.4873607062094,499.02318065875176,685.2468199712349,430.17587985557975,0.2222222222222222,16.666666666666668,1.5555555555555556,76.38888888888889,3.6666666666666665,95.83333333333333,6.041666666666667,98.61111111111111,11.73611111111111,98.61111111111111,18.291666666666668,100.0,34.15277777777778,100.0,0.0,0.0,0.0,YES
OXXO,conveniencia,Coahuila de Zaragoza,Acuña,Ciudad Acuña,70,70,107.37468761554265,248.24539583736419,418.66606139864507,544.6643214431582,685.0112589403452,429.44905220786217,0.3142857142857143,25.714285714285715,1.2285714285714286,60.0,3.4,97.14285714285714,5.057142857142857,97.14285714285714,10.0,100.0,16.228571428571428,100.0,30.314285714285713,100.0,2.857142857142857,5.714285714285714,5.714285714285714,YES
OXXO,conveniencia,Colima,Manzanillo,Manzanillo,69,69,9.861287727697022,206.80166949231506,375.3733129479077,529.4036667287887,825.7954050839792,432.15279386188604,0.37681159420289856,31.884057971014492,1.3333333333333333,73.91304347826087,2.753623188405797,88.40579710144928,3.5652173913043477,95.65217391304348,7.333333333333333,97.10144927536231,12.144927536231885,98.55072463768116,21.014492753623188,98.55072463768116,11.594202898550725,11.594202898550725,14.492753623188406,YES
OXXO,conveniencia,México,Atizapán de Zaragoza,Ciudad López Mateos,69,69,159.4415305725619,273.1814374022666,419.72754187744613,554.228021903385,895.6331887359835,470.3549524439902,0.15942028985507245,15.942028985507246,1.1304347826086956,63.768115942028984,2.8550724637681157,86.95652173913044,4.36231884057971,94.20289855072464,8.81159420289855,97.10144927536231,15.130434782608695,100.0,33.15942028985507,100.0,2.898550724637681,5.797101449275362,5.797101449275362,YES
OXXO,conveniencia,Guerrero,Chilpancingo de los Bravo,Chilpancingo de los Bravo,68,68,41.31526470910605,84.97861439696128,210.99683667394854,315.8452533260061,608.7407580107769,286.5111722052332,1.2058823529411764,63.23529411764706,4.235294117647059,85.29411764705883,8.558823529411764,92.6470588235294,12.147058823529411,97.05882352941177,21.220588235294116,98.52941176470588,28.470588235294116,100.0,42.26470588235294,100.0,5.882352941176471,8.823529411764707,17.647058823529413,YES
OXXO,conveniencia,Veracruz de Ignacio de la Llave,Poza Rica de Hidalgo,Poza Rica de Hidalgo,68,68,148.39145214472643,304.78962281000383,387.3592107474285,484.98447945036,642.7592634738007,406.1715080195882,0.3235294117647059,19.11764705882353,1.8235294117647058,75.0,4.764705882352941,95.58823529411765,7.117647058823529,98.52941176470588,14.132352941176471,100.0,22.602941176470587,100.0,40.98529411764706,100.0,0.0,0.0,0.0,YES
OXXO,conveniencia,Baja California Sur,Los Cabos,San José del Cabo,67,67,116.36928602162074,250.06946426790222,388.3001820995764,502.9661147166711,665.2411637195312,447.1824332830937,0.26865671641791045,25.37313432835821,1.164179104477612,74.6268656716418,3.074626865671642,94.02985074626865,4.955223880597015,95.5223880597015,9.164179104477611,95.5223880597015,13.611940298507463,98.50746268656717,23.01492537313433,100.0,0.0,0.0,2.985074626865672,YES
OXXO,conveniencia,Ciudad de México,Azcapotzalco,Azcapotzalco,62,62,148.40724868924335,219.7569109294495,325.7445515764637,406.39682323308887,563.3021809393316,338.9153441315712,0.3225806451612903,29.032258064516128,1.967741935483871,83.87096774193549,5.516129032258065,98.38709677419355,8.419354838709678,100.0,18.612903225806452,100.0,31.93548387096774,100.0,72.7741935483871,100.0,0.0,0.0,0.0,YES
OXXO,conveniencia,Veracruz de Ignacio de la Llave,Xalapa,Xalapa-Enríquez,62,62,234.03404874435188,301.2417068208273,411.1594250301456,577.5768463574636,846.4621242245694,485.2008418963756,0.1774193548387097,16.129032258064516,0.9193548387096774,64.51612903225806,2.6129032258064515,88.70967741935483,4.193548387096774,95.16129032258064,9.661290322580646,98.38709677419355,16.129032258064516,100.0,30.774193548387096,100.0,0.0,0.0,0.0,YES
OXXO,conveniencia,San Luis Potosí,Soledad de Graciano Sánchez,Soledad de Graciano Sánchez,61,61,59.34203547642917,295.70119880450187,432.0765398360298,542.0280428144536,745.9425362306589,461.7479357477917,0.21311475409836064,16.39344262295082,0.819672131147541,63.9344262295082,2.737704918032787,93.44262295081967,4.622950819672131,98.36065573770492,10.21311475409836,98.36065573770492,17.83606557377049,98.36065573770492,39.278688524590166,100.0,0.0,0.0,11.475409836065573,YES
OXXO,conveniencia,México,Nezahualcóyotl,Ciudad Nezahualcóyotl,60,60,68.85026729508179,244.010812545339,495.12683917165276,648.8232421686465,865.1273630563743,481.5027232237384,0.3333333333333333,26.666666666666668,0.7666666666666667,53.333333333333336,2.2333333333333334,86.66666666666667,3.05,91.66666666666667,7.033333333333333,100.0,11.366666666666667,100.0,22.783333333333335,100.0,0.0,10.0,10.0,YES
OXXO,conveniencia,Campeche,Campeche,San Francisco de Campeche,59,59,171.44762028654895,311.64951587184,457.5247580713759,586.1963186782081,865.1340470937823,492.43091628719674,0.2711864406779661,18.64406779661017,1.4576271186440677,64.40677966101696,3.4915254237288136,86.44067796610169,5.271186440677966,96.61016949152543,9.661016949152541,96.61016949152543,15.983050847457626,100.0,27.322033898305083,100.0,0.0,0.0,0.0,YES
OXXO,conveniencia,Nuevo León,San Pedro Garza García,San Pedro Garza García,59,59,87.04830483426831,216.99118242229815,309.30294434896257,483.1687384339707,709.1241538362978,372.8981806583409,0.3728813559322034,30.508474576271187,1.5932203389830508,76.27118644067797,4.491525423728813,94.91525423728814,6.898305084745763,100.0,13.101694915254237,100.0,22.1864406779661,100.0,51.6271186440678,100.0,0.0,0.0,6.779661016949152,YES
OXXO,conveniencia,México,Tecámac,Ojo de Agua,58,58,211.03161905795392,299.1882483809911,361.9365396866899,521.377210591668,808.2588504442305,439.3613346586072,0.20689655172413793,20.689655172413794,1.0344827586206897,74.13793103448276,2.5689655172413794,87.93103448275862,4.120689655172414,96.55172413793103,9.379310344827585,100.0,15.172413793103448,100.0,29.82758620689655,100.0,0.0,0.0,0.0,YES
OXXO,conveniencia,Sonora,Guaymas,Heroica Guaymas,58,58,211.34130892091815,278.4956119339519,470.95594868639625,630.4180814968215,922.1655715645911,511.08717261237047,0.2413793103448276,17.24137931034483,1.4827586206896552,56.89655172413793,3.3793103448275863,81.03448275862068,4.793103448275862,93.10344827586206,9.241379310344827,100.0,13.413793103448276,100.0,23.379310344827587,100.0,0.0,0.0,3.4482758620689653,YES
OXXO,conveniencia,Veracruz de Ignacio de la Llave,Coatzacoalcos,Coatzacoalcos,58,58,207.9848082129867,234.54458438531006,489.5848563639946,582.4069528321711,716.2988449320774,452.95995667315526,0.3793103448275862,29.310344827586206,1.103448275862069,51.724137931034484,3.2586206896551726,94.82758620689656,5.103448275862069,96.55172413793103,9.793103448275861,100.0,15.448275862068966,100.0,26.17241379310345,100.0,0.0,0.0,0.0,YES
OXXO,conveniencia,Zacatecas,Guadalupe,Guadalupe,58,58,181.355521793501,246.2045701637606,343.8551807260908,485.43769243376676,657.1754144505386,385.82102410177805,0.3275862068965517,27.586206896551722,1.6551724137931034,75.86206896551724,4.396551724137931,96.55172413793103,6.4655172413793105,100.0,12.844827586206897,100.0,21.155172413793103,100.0,37.86206896551724,100.0,3.4482758620689653,3.4482758620689653,3.4482758620689653,YES
OXXO,conveniencia,Zacatecas,Zacatecas,Zacatecas,58,58,119.68663808236512,198.93522315646058,295.5220077779702,469.4911161285741,779.7883715378871,371.5576116103372,0.8620689655172413,37.93103448275862,2.310344827586207,81.03448275862068,5.672413793103448,89.65517241379311,8.344827586206897,96.55172413793103,15.655172413793103,100.0,23.74137931034483,100.0,38.689655172413794,100.0,3.4482758620689653,3.4482758620689653,3.4482758620689653,YES
OXXO,conveniencia,Sonora,Navojoa,Navojoa,56,56,343.1118785299277,380.387995909879,555.5129693786843,651.6489199229742,687.4557800912487,528.8548835592935,0.0,0.0,0.5714285714285714,42.857142857142854,2.892857142857143,96.42857142857143,4.821428571428571,98.21428571428571,10.392857142857142,100.0,17.142857142857142,100.0,32.089285714285715,100.0,0.0,0.0,0.0,YES
OXXO,conveniencia,Ciudad de México,Iztacalco,Iztacalco,55,55,202.07018585951545,259.17130692712703,332.76151466734325,472.3742960813934,514.945005889886,351.3874849233195,0.2,18.181818181818183,1.9636363636363636,87.27272727272727,5.4363636363636365,100.0,8.345454545454546,100.0,18.87272727272727,100.0,34.85454545454545,100.0,80.6,100.0,0.0,0.0,0.0,YES
OXXO,conveniencia,Querétaro,San Juan del Río,San Juan del Río,53,53,193.2014894563574,329.0889939889824,418.52935814950393,714.7574020607362,953.7778925136752,511.6680210679595,0.1509433962264151,15.09433962264151,0.8679245283018868,58.490566037735846,2.6037735849056602,81.13207547169812,4.339622641509434,92.45283018867924,9.18867924528302,100.0,14.49056603773585,100.0,27.28301886792453,100.0,7.547169811320755,7.547169811320755,7.547169811320755,YES
OXXO,conveniencia,Coahuila de Zaragoza,Ramos Arizpe,Ramos Arizpe,52,52,195.09104757771917,238.59038449585796,372.112030750767,542.3775504907924,887.9806653551145,456.7084375301755,0.3076923076923077,28.846153846153847,1.1538461538461537,67.3076923076923,3.1538461538461537,84.61538461538461,4.730769230769231,94.23076923076923,9.423076923076923,98.07692307692308,15.0,100.0,27.846153846153847,100.0,0.0,0.0,7.6923076923076925,YES
OXXO,conveniencia,San Luis Potosí,Ciudad Valles,Ciudad Valles,52,52,216.42678851613567,283.51348894440827,522.2721370952688,706.529336373629,842.5033312333514,525.748006351391,0.19230769230769232,19.23076923076923,1.0,46.15384615384615,3.5,84.61538461538461,5.923076923076923,96.15384615384616,12.076923076923077,98.07692307692308,18.98076923076923,100.0,31.23076923076923,100.0,3.8461538461538463,3.8461538461538463,3.8461538461538463,YES
OXXO,conveniencia,Sonora,Puerto Peñasco,Puerto Peñasco,52,52,181.69788795752635,298.3173677403706,394.3741497653698,472.6448321596783,601.1983329151178,425.84462275555404,0.19230769230769232,13.461538461538462,1.6153846153846154,78.84615384615384,4.115384615384615,92.3076923076923,6.115384615384615,94.23076923076923,13.423076923076923,100.0,21.346153846153847,100.0,36.69230769230769,100.0,3.8461538461538463,3.8461538461538463,3.8461538461538463,YES
OXXO,conveniencia,Campeche,Carmen,Ciudad del Carmen,51,51,151.62024548394922,223.08997551368847,422.7206119768464,560.912067336219,709.4854197322552,427.61705098952683,0.3137254901960784,31.372549019607842,0.9411764705882353,66.66666666666667,3.607843137254902,94.11764705882354,5.215686274509804,98.03921568627452,10.705882352941176,100.0,17.45098039215686,100.0,26.823529411764707,100.0,0.0,0.0,0.0,YES
OXXO,conveniencia,Chiapas,Tapachula,Tapachula de Córdova y Ordóñez,51,51,161.2930160867669,292.2009835147244,465.3333244402264,681.7121282432422,866.8365502927411,516.1345607376642,0.35294117647058826,17.647058823529413,1.803921568627451,54.90196078431372,4.2745098039215685,84.31372549019608,6.372549019607843,94.11764705882354,12.156862745098039,100.0,18.470588235294116,100.0,31.215686274509803,100.0,0.0,0.0,0.0,YES
OXXO,conveniencia,Baja California,Playas de Rosarito,Playas de Rosarito,50,50,55.88255396015487,207.60440130901017,317.8551918494218,510.62429059044183,587.9578821420954,373.4147412106558,0.4,34.0,1.64,74.0,4.52,94.0,6.6,94.0,11.16,100.0,15.52,100.0,24.44,100.0,4.0,8.0,14.0,YES
OXXO,conveniencia,Nuevo León,Cadereyta Jiménez,Cadereyta Jiménez,50,50,44.63258687644095,184.1774527585461,374.5516588072793,561.9751436666729,818.3217371782306,410.4489617004709,0.52,40.0,1.48,66.0,3.7,86.0,5.34,98.0,10.74,100.0,17.06,100.0,27.32,100.0,0.0,4.0,16.0,YES
OXXO,conveniencia,Veracruz de Ignacio de la Llave,Boca del Río,Veracruz,50,50,227.14937812850263,246.94943731342107,313.30735807026497,435.46232541808,586.564942659202,365.25840238127427,0.3,28.0,1.92,82.0,4.92,98.0,7.36,98.0,16.42,100.0,28.44,100.0,55.56,100.0,0.0,0.0,0.0,YES
OXXO,conveniencia,Baja California,Tecate,Tecate,47,47,109.60030040225087,170.00245377879457,272.7972949894271,449.21724446925214,564.3176538992211,313.67708059266096,0.5531914893617021,38.297872340425535,1.9574468085106382,78.72340425531915,4.680851063829787,100.0,6.9361702127659575,100.0,12.76595744680851,100.0,20.25531914893617,100.0,33.319148936170215,100.0,4.25531914893617,4.25531914893617,8.51063829787234,YES
OXXO,conveniencia,Michoacán de Ocampo,Uruapan,Uruapan,47,47,220.76978848203922,331.3950624279357,507.82357176478644,752.7705311672867,1057.0885401065243,549.5911382295598,0.1702127659574468,17.02127659574468,0.574468085106383,46.808510638297875,2.0638297872340425,85.1063829787234,3.3404255319148937,87.23404255319149,7.9361702127659575,100.0,13.319148936170214,100.0,25.340425531914892,100.0,4.25531914893617,4.25531914893617,4.25531914893617,YES
OXXO,conveniencia,Sonora,Agua Prieta,Agua Prieta,47,47,199.99458756369955,325.03714619841367,405.09517836057285,568.980241683804,727.080978557737,455.42987765595785,0.1702127659574468,17.02127659574468,1.148936170212766,65.95744680851064,3.4893617021276597,91.48936170212765,5.446808510638298,97.87234042553192,10.808510638297872,100.0,17.574468085106382,100.0,29.19148936170213,100.0,0.0,0.0,0.0,YES
OXXO,conveniencia,Colima,Colima,Colima,45,45,218.97842063751568,248.48283969577253,543.961603397228,692.3074374770893,857.8293816294358,514.9175216133993,0.26666666666666666,26.666666666666668,0.6666666666666666,46.666666666666664,2.511111111111111,86.66666666666667,3.933333333333333,93.33333333333333,8.755555555555556,100.0,14.911111111111111,100.0,29.933333333333334,100.0,0.0,0.0,0.0,YES
OXXO,conveniencia,Oaxaca,Oaxaca de Juárez,Oaxaca de Juárez,45,45,178.69671720890054,287.51129448371705,393.7656934793192,683.4167359397164,774.0497101846092,459.5045324882744,0.2222222222222222,22.22222222222222,1.1555555555555554,60.0,2.6666666666666665,93.33333333333333,4.288888888888889,97.77777777777777,8.777777777777779,97.77777777777777,14.466666666666667,100.0,26.866666666666667,100.0,0.0,4.444444444444445,4.444444444444445,YES
OXXO,conveniencia,Tamaulipas,Altamira,Miramar,42,42,84.18230751036573,275.28739957662856,409.01933900788526,534.8862671594742,595.4443303421567,416.03522258778685,0.2857142857142857,23.80952380952381,1.3095238095238095,71.42857142857143,3.0952380952380953,95.23809523809524,4.142857142857143,97.61904761904762,7.976190476190476,97.61904761904762,12.880952380952381,100.0,25.095238095238095,100.0,2.380952380952381,7.142857142857143,9.523809523809524,YES
OXXO,conveniencia,Sonora,Caborca,Heroica Caborca,41,41,182.36711676044166,333.6929183461129,410.68401372414445,556.1653783046405,711.4265419834428,481.47637202885016,0.1951219512195122,19.51219512195122,0.926829268292683,63.41463414634146,3.1219512195121952,92.6829268292683,4.926829268292683,97.5609756097561,10.634146341463415,97.5609756097561,17.024390243902438,97.5609756097561,29.317073170731707,100.0,4.878048780487805,4.878048780487805,4.878048780487805,YES
OXXO,conveniencia,Veracruz de Ignacio de la Llave,Minatitlán,Minatitlán,41,41,223.59810696342396,329.7399000868031,390.14937845379814,514.2250927150742,651.4525838955672,420.81013729191784,0.24390243902439024,19.51219512195122,1.2682926829268293,73.17073170731707,3.024390243902439,95.1219512195122,4.975609756097561,100.0,10.073170731707316,100.0,16.658536585365855,100.0,28.878048780487806,100.0,0.0,0.0,0.0,YES
OXXO,conveniencia,Morelos,Cuautla,Cuautla,40,40,82.39813014082036,188.69268043906243,318.4460489789925,483.67955362158136,708.0100529782615,377.3593257055715,0.5,35.0,2.175,75.0,4.75,92.5,6.925,100.0,10.75,100.0,14.5,100.0,23.075,100.0,10.0,10.0,10.0,YES
OXXO,conveniencia,Sinaloa,Guasave,Guasave,40,40,254.66779563185224,267.7747486779424,344.16451541125264,436.9756119760214,658.23235748052,404.8096168744414,0.05,5.0,1.5,77.5,3.85,97.5,5.5,97.5,13.025,100.0,19.675,100.0,32.65,100.0,0.0,0.0,0.0,YES
OXXO,conveniencia,Michoacán de Ocampo,Lázaro Cárdenas,Ciudad Lázaro Cárdenas,39,39,44.95589699045383,250.9464865728021,332.28691043961123,462.8698711137313,538.680146492386,338.83437295326917,0.41025641025641024,25.641025641025642,1.9487179487179487,84.61538461538461,4.743589743589744,100.0,6.487179487179487,100.0,12.76923076923077,100.0,19.256410256410255,100.0,29.46153846153846,100.0,0.0,5.128205128205129,12.820512820512821,YES
OXXO,conveniencia,Jalisco,Tonalá,Tonalá,38,38,192.04595892813927,335.9359974972036,438.41954187622315,541.0953503227285,935.3506591900182,494.34926595278097,0.18421052631578946,18.42105263157895,1.131578947368421,71.05263157894737,2.973684210526316,86.84210526315789,4.2368421052631575,89.47368421052632,8.31578947368421,97.36842105263158,12.710526315789474,100.0,23.05263157894737,100.0,0.0,0.0,0.0,YES
OXXO,conveniencia,Querétaro,Corregidora,El Pueblito,38,38,206.94952220095104,324.78630341035023,445.2539043238995,595.1814578018461,801.8561703931912,475.34915421235104,0.15789473684210525,15.789473684210526,1.0526315789473684,60.526315789473685,3.0526315789473686,89.47368421052632,4.2105263157894735,97.36842105263158,8.210526315789474,100.0,13.842105263157896,100.0,28.68421052631579,100.0,0.0,0.0,0.0,YES
OXXO,conveniencia,Chihuahua,Cuauhtémoc,Cuauhtémoc,37,37,211.54695961876143,313.5267731880546,667.3499485882304,832.1385983485322,1034.8053961508886,634.8986265368648,0.21621621621621623,18.91891891891892,0.6486486486486487,35.13513513513514,1.5135135135135136,64.86486486486487,2.2162162162162162,86.48648648648648,5.243243243243243,100.0,9.135135135135135,100.0,16.486486486486488,100.0,0.0,0.0,0.0,YES
OXXO,conveniencia,Coahuila de Zaragoza,Frontera,Frontera,36,36,292.8562522686936,378.26488844469486,500.08053110289706,601.9662670309015,706.5948499485571,500.7081113683789,0.05555555555555555,5.555555555555555,0.8888888888888888,50.0,4.083333333333333,97.22222222222223,6.138888888888889,97.22222222222223,13.277777777777779,100.0,22.13888888888889,100.0,44.25,100.0,5.555555555555555,5.555555555555555,5.555555555555555,YES
OXXO,conveniencia,México,Coacalco de Berriozábal,San Francisco Coacalco,36,36,224.14778396226038,279.3405756962298,438.6665287074509,557.2437491874275,773.6233888470638,441.73772099463423,0.2222222222222222,19.444444444444443,0.9722222222222222,66.66666666666667,2.3333333333333335,88.88888888888889,4.361111111111111,100.0,9.027777777777779,100.0,14.75,100.0,28.305555555555557,100.0,0.0,0.0,5.555555555555555,YES
OXXO,conveniencia,Zacatecas,Fresnillo,Fresnillo,36,36,213.64227589597235,396.27283906301113,466.5415915499576,620.6742205357607,820.74112301418,563.9269802334948,0.16666666666666666,13.88888888888889,0.8333333333333334,52.77777777777778,2.6666666666666665,86.11111111111111,4.777777777777778,94.44444444444444,9.722222222222221,94.44444444444444,15.555555555555555,97.22222222222223,25.38888888888889,100.0,0.0,0.0,0.0,YES
OXXO,conveniencia,Coahuila de Zaragoza,Sabinas,Sabinas,34,34,120.13663460147643,211.43336750644997,418.5316740279378,500.4951554963333,598.4943722672557,368.35391620231565,0.4117647058823529,41.1764705882353,1.411764705882353,73.52941176470588,3.588235294117647,100.0,5.117647058823529,100.0,10.470588235294118,100.0,15.117647058823529,100.0,22.647058823529413,100.0,5.882352941176471,5.882352941176471,5.882352941176471,YES
OXXO,conveniencia,Quintana Roo,Othón P. Blanco,Chetumal,34,34,332.97714314761754,403.87855902543197,540.8759560601811,756.1208850366455,913.6168191041954,602.4312469711648,0.0,0.0,0.47058823529411764,44.11764705882353,1.7647058823529411,79.41176470588235,3.0,94.11764705882354,5.9411764705882355,97.05882352941177,9.823529411764707,100.0,18.235294117647058,100.0,0.0,0.0,0.0,YES
OXXO,conveniencia,Chihuahua,Hidalgo del Parral,Hidalgo del Parral,33,33,75.67938426856703,423.7484043767588,618.9357875593151,757.7877023562619,937.1923328363861,695.7025547471342,0.24242424242424243,15.151515151515152,0.5454545454545454,30.303030303030305,1.9393939393939394,78.78787878787878,3.1515151515151514,90.9090909090909,5.878787878787879,96.96969696969697,10.303030303030303,96.96969696969697,16.424242424242426,96.96969696969697,0.0,9.090909090909092,9.090909090909092,YES
OXXO,conveniencia,Nuevo León,Linares,Linares,33,33,38.62265327381925,202.74307912175968,377.1969856644447,694.6940685435644,820.8662109139264,449.23968991521065,0.42424242424242425,33.333333333333336,1.3333333333333333,57.57575757575758,3.212121212121212,84.84848484848484,5.03030303030303,96.96969696969697,10.484848484848484,100.0,14.909090909090908,100.0,23.454545454545453,100.0,6.0606060606060606,12.121212121212121,12.121212121212121,YES
OXXO,conveniencia,Puebla,San Andrés Cholula,San Bernardino Tlaxcalancingo,33,33,51.80642313219363,166.5363721141399,315.4822779090043,431.0698919862999,815.0183134845454,363.9713632418029,0.5757575757575758,42.42424242424242,1.7575757575757576,75.75757575757575,2.696969696969697,87.87878787878788,4.2727272727272725,93.93939393939394,8.727272727272727,100.0,16.0,100.0,34.63636363636363,100.0,6.0606060606060606,6.0606060606060606,12.121212121212121,YES
OXXO,conveniencia,Chihuahua,Delicias,Delicias,32,32,335.6319983549395,474.7162682655982,658.5474705833374,739.364340010354,878.3141408524854,664.5903208253364,0.0625,6.25,0.4375,28.125,1.625,78.125,2.875,93.75,5.75,93.75,10.59375,100.0,18.96875,100.0,0.0,0.0,0.0,YES
OXXO,conveniencia,México,Chalco,Chalco de Díaz Covarrubias,32,32,32.182776710765616,136.20420535824488,305.1061063628367,462.7777788612837,640.0459289071159,316.48680145570376,0.625,40.625,1.875,84.375,3.6875,93.75,5.3125,100.0,11.0625,100.0,18.5625,100.0,29.46875,100.0,6.25,6.25,18.75,YES
OXXO,conveniencia,Guerrero,Iguala de la Independencia,Iguala de la Independencia,31,31,167.6444122138589,321.82492751001456,463.4997180705449,559.0703922102143,739.0038365901036,462.62121613271233,0.12903225806451613,12.903225806451612,1.1612903225806452,64.51612903225806,3.0,93.54838709677419,4.806451612903226,100.0,10.03225806451613,100.0,15.32258064516129,100.0,23.870967741935484,100.0,0.0,0.0,0.0,YES
OXXO,conveniencia,Morelos,Jiutepec,Jiutepec,31,31,234.6893995462576,325.7402861188551,499.0820649838261,707.9696923079982,846.4591069244224,542.4500954394031,0.16129032258064516,16.129032258064516,0.8064516129032258,54.83870967741935,2.7419354838709675,80.64516129032258,4.387096774193548,93.54838709677419,8.290322580645162,100.0,14.129032258064516,100.0,28.096774193548388,100.0,0.0,0.0,0.0,YES
OXXO,conveniencia,Puebla,Tehuacán,Tehuacán,31,31,140.1786506567793,432.83854474214013,464.5717194218649,881.6440902707066,1091.035602040653,648.6999882242479,0.12903225806451613,12.903225806451612,0.7741935483870968,51.61290322580645,1.7419354838709677,70.96774193548387,3.161290322580645,80.64516129032258,7.161290322580645,93.54838709677419,11.67741935483871,96.7741935483871,19.70967741935484,100.0,0.0,0.0,0.0,YES
OXXO,conveniencia,San Luis Potosí,Villa de Pozos SLP,Villa de Pozos,31,31,132.45248236516878,391.145842893825,487.2057675384758,613.3172796524725,709.6930981777031,501.19137057146986,0.1935483870967742,19.35483870967742,0.6774193548387096,54.83870967741935,1.7741935483870968,93.54838709677419,2.935483870967742,93.54838709677419,7.032258064516129,100.0,11.838709677419354,100.0,23.06451612903226,100.0,0.0,0.0,0.0,YES
OXXO,conveniencia,Veracruz de Ignacio de la Llave,Tuxpan,Túxpam de Rodríguez Cano,31,31,243.80214926183586,437.99411264079913,502.80406842188063,713.7952159752557,987.2873597223038,583.3660013597099,0.1935483870967742,12.903225806451612,1.3548387096774193,48.38709677419355,2.903225806451613,80.64516129032258,4.387096774193548,90.3225806451613,9.612903225806452,100.0,14.290322580645162,100.0,23.161290322580644,100.0,0.0,0.0,0.0,YES
OXXO,conveniencia,Chiapas,San Cristóbal de las Casas,San Cristóbal de las Casas,30,30,201.44056424874861,225.26236719375572,383.3321832800201,782.6646980047274,972.4112196807534,581.9226681112549,0.4,30.0,1.1333333333333333,53.333333333333336,2.4,76.66666666666667,3.6666666666666665,90.0,8.4,96.66666666666667,12.333333333333334,96.66666666666667,20.866666666666667,100.0,0.0,0.0,0.0,YES
OXXO,conveniencia,Guanajuato,Salamanca,Salamanca,30,30,166.13122592217096,282.92235870519903,481.6755826506416,872.8808846973619,1209.471535519755,580.265305333767,0.2,20.0,0.6,53.333333333333336,1.8666666666666667,70.0,3.066666666666667,86.66666666666667,6.4,100.0,10.3,100.0,17.8,100.0,0.0,0.0,0.0,YES
OXXO,conveniencia,Sinaloa,Salvador Alvarado,Guamúchil,30,30,312.11618698495323,326.72083937566106,433.45954742199626,525.3650995578826,921.0803930922763,539.8381079622967,0.06666666666666667,6.666666666666667,1.0,66.66666666666667,3.4,86.66666666666667,5.666666666666667,90.0,10.666666666666666,96.66666666666667,15.466666666666667,100.0,23.0,100.0,0.0,0.0,0.0,YES
OXXO,conveniencia,Tamaulipas,Río Bravo,Ciudad Río Bravo,30,30,163.4404348089883,258.52995101075874,448.238124464708,700.0374756748791,957.0680755048263,526.2520523370437,0.26666666666666666,26.666666666666668,0.6666666666666666,53.333333333333336,2.7333333333333334,86.66666666666667,3.6,90.0,7.866666666666666,100.0,10.866666666666667,100.0,17.066666666666666,100.0,0.0,0.0,6.666666666666667,YES
OXXO,conveniencia,Guanajuato,Guanajuato,Guanajuato,29,29,14.11155409266721,115.19587354322097,185.41332593231922,312.0943492294816,494.2188420221263,240.08585598861924,1.4482758620689655,68.96551724137932,4.689655172413793,89.65517241379311,9.241379310344827,100.0,12.413793103448276,100.0,18.896551724137932,100.0,24.20689655172414,100.0,28.137931034482758,100.0,6.896551724137931,13.793103448275861,13.793103448275861,NO
OXXO,conveniencia,Nuevo León,Montemorelos,Montemorelos,29,29,42.57149454111001,179.2255600074625,311.0249577348669,579.1428591814886,993.9433888828472,512.1474461629451,0.6206896551724138,41.37931034482759,1.793103448275862,55.172413793103445,4.068965517241379,86.20689655172414,6.551724137931035,89.65517241379311,11.931034482758621,93.10344827586206,16.344827586206897,96.55172413793103,23.17241379310345,100.0,0.0,0.0,13.793103448275861,NO
OXXO,conveniencia,Puebla,San Pedro Cholula,Cholula de Rivadavia,29,29,282.38430477138763,350.7000408602681,481.4166030511593,504.46403753442956,561.1240464176167,503.4088808913061,0.06896551724137931,6.896551724137931,0.8275862068965517,62.06896551724138,3.3793103448275863,96.55172413793103,5.0,96.55172413793103,12.10344827586207,96.55172413793103,18.862068965517242,96.55172413793103,34.793103448275865,100.0,0.0,0.0,0.0,NO
OXXO,conveniencia,Veracruz de Ignacio de la Llave,Córdoba,Córdoba,29,29,232.57767658900477,347.1512923458817,436.8281081764858,544.4582064742016,932.2392229005413,507.0174855168156,0.13793103448275862,13.793103448275861,1.3103448275862069,68.96551724137932,3.5172413793103448,86.20689655172414,5.448275862068965,93.10344827586206,11.310344827586206,100.0,16.275862068965516,100.0,23.82758620689655,100.0,0.0,0.0,0.0,NO
OXXO,conveniencia,Colima,Villa de Álvarez,Ciudad de Villa de Álvarez,28,28,355.708728423983,401.3371396609216,511.4440218576465,649.1122270320122,973.2683672215674,604.4795548207743,0.0,0.0,0.5,46.42857142857143,1.75,78.57142857142857,2.8214285714285716,92.85714285714286,6.714285714285714,100.0,11.535714285714286,100.0,23.535714285714285,100.0,0.0,0.0,0.0,NO
OXXO,conveniencia,Michoacán de Ocampo,Zamora,Zamora de Hidalgo,28,28,254.96255770281886,271.2634866781016,402.3343436190323,609.6130674160563,863.4744832206919,532.2358178779934,0.07142857142857142,7.142857142857143,1.5,57.142857142857146,4.428571428571429,89.28571428571429,6.25,89.28571428571429,11.964285714285714,96.42857142857143,17.035714285714285,96.42857142857143,24.75,100.0,0.0,0.0,0.0,NO
OXXO,conveniencia,Quintana Roo,Cozumel,Cozumel,28,28,17.989911830121482,154.17328233469334,400.95504123808985,599.3320713959598,732.3891879242906,388.0622664098833,0.5,28.571428571428573,1.4285714285714286,64.28571428571429,4.0,96.42857142857143,5.0,100.0,9.357142857142858,100.0,13.928571428571429,100.0,21.285714285714285,100.0,0.0,14.285714285714286,14.285714285714286,NO
OXXO,conveniencia,Michoacán de Ocampo,Apatzingán,Apatzingán de la Constitución,27,27,117.45834496311896,241.36766529760763,328.5460381412088,536.3618602162591,716.8422884326064,482.3932321307755,0.37037037037037035,25.925925925925927,1.9259259259259258,66.66666666666667,4.444444444444445,96.29629629629629,6.592592592592593,96.29629629629629,12.074074074074074,96.29629629629629,16.25925925925926,96.29629629629629,22.48148148148148,96.29629629629629,0.0,0.0,0.0,NO
OXXO,conveniencia,México,Ixtapaluca,Ixtapaluca,27,27,193.945001280596,298.17759952952974,383.24969391176415,681.668681833117,751.2490779937596,473.07784515830963,0.2962962962962963,18.51851851851852,1.2592592592592593,62.96296296296296,2.5555555555555554,92.5925925925926,3.888888888888889,96.29629629629629,6.925925925925926,100.0,10.518518518518519,100.0,21.51851851851852,100.0,7.407407407407407,7.407407407407407,7.407407407407407,NO
OXXO,conveniencia,Tamaulipas,Altamira,Altamira,27,27,83.32287422843113,265.6676622423625,321.57168130028896,457.170345806471,553.6647500876393,460.9695592891073,0.2222222222222222,22.22222222222222,1.4814814814814814,77.77777777777777,3.7777777777777777,92.5925925925926,4.814814814814815,92.5925925925926,9.851851851851851,96.29629629629629,14.555555555555555,96.29629629629629,24.25925925925926,96.29629629629629,0.0,7.407407407407407,7.407407407407407,NO
OXXO,conveniencia,Nuevo León,Santiago,Santiago,26,26,240.9236253206345,462.9516558447334,676.9879326931293,919.5457672120425,980.8916329384458,658.4561727018825,0.15384615384615385,15.384615384615385,0.38461538461538464,26.923076923076923,0.9230769230769231,65.38461538461539,1.3846153846153846,92.3076923076923,2.5,100.0,3.269230769230769,100.0,5.769230769230769,100.0,0.0,0.0,7.6923076923076925,NO
OXXO,conveniencia,Tabasco,Cárdenas,Cárdenas,26,26,110.96391716059676,219.423785714316,394.16236423702037,570.0230833628501,863.2392290814616,467.4032162087405,0.5384615384615384,34.61538461538461,1.6153846153846154,69.23076923076923,4.384615384615385,88.46153846153847,6.6923076923076925,92.3076923076923,12.692307692307692,96.15384615384616,16.615384615384617,100.0,20.53846153846154,100.0,0.0,0.0,0.0,NO
OXXO,conveniencia,Ciudad de México,Tláhuac,Tláhuac,25,25,153.48058269003525,325.87552515718465,452.1083474765521,583.2728832924719,790.1348104096231,482.3004366354629,0.32,20.0,0.84,52.0,1.88,92.0,2.8,92.0,5.88,100.0,8.8,100.0,14.64,100.0,8.0,8.0,8.0,NO
OXXO,conveniencia,México,Cuautitlán,Cuautitlán,25,25,82.01477756521555,155.7708743250662,215.95735642671428,480.8374819075158,685.6563361748613,317.5987236805573,1.04,52.0,2.96,76.0,5.36,100.0,7.32,100.0,13.6,100.0,20.72,100.0,37.36,100.0,0.0,0.0,8.0,NO
OXXO,conveniencia,México,San Mateo Atenco,San Mateo Atenco,25,25,190.43243258538183,258.26922961203485,427.9183477542937,538.822310314434,747.257377124751,428.0562695982221,0.24,24.0,1.08,72.0,2.8,96.0,4.08,100.0,8.64,100.0,13.64,100.0,27.52,100.0,0.0,8.0,8.0,NO
OXXO,conveniencia,Ciudad de México,Xochimilco,Xochimilco,24,24,102.79453268917516,286.7238033092607,491.1868343511725,898.1495761860633,1358.258223611164,637.4623587683452,0.25,25.0,0.6666666666666666,50.0,1.7916666666666667,75.0,2.5,75.0,6.166666666666667,91.66666666666667,10.708333333333334,100.0,22.791666666666668,100.0,0.0,0.0,8.333333333333334,NO
OXXO,conveniencia,México,Chicoloapan,Chicoloapan de Juárez,24,24,4.9901292238020964,177.90234398698587,389.6511084230832,523.1336377687809,689.5023301613235,370.7611375425288,0.4166666666666667,29.166666666666668,1.3333333333333333,66.66666666666667,2.4166666666666665,95.83333333333333,3.0833333333333335,100.0,5.25,100.0,10.0,100.0,18.541666666666668,100.0,16.666666666666668,16.666666666666668,25.0,NO
OXXO,conveniencia,México,Chimalhuacán,Chimalhuacán,24,24,330.86954903308333,434.96277921136755,549.356453689878,682.1225115354364,783.2794260570714,568.9569280828727,0.08333333333333333,8.333333333333334,0.3333333333333333,33.333333333333336,1.7083333333333333,87.5,2.375,95.83333333333333,5.0,95.83333333333333,9.375,100.0,18.041666666666668,100.0,0.0,0.0,8.333333333333334,NO
OXXO,conveniencia,Puebla,San Martín Texmelucan,San Martín Texmelucan de Labastida,24,24,136.36092157007076,147.78362057778816,361.47348542556676,618.3536697685535,710.1314483879754,400.07201573421685,0.5,33.333333333333336,1.75,62.5,4.708333333333333,91.66666666666667,7.166666666666667,100.0,11.708333333333334,100.0,16.916666666666668,100.0,24.208333333333332,100.0,8.333333333333334,8.333333333333334,8.333333333333334,NO
OXXO,conveniencia,Jalisco,Lagos de Moreno,Lagos de Moreno,23,23,191.81181014433633,281.2700431456065,507.57488531359877,623.153262287758,847.2534147514865,572.6336301588569,0.2608695652173913,26.08695652173913,0.6086956521739131,43.47826086956522,2.1739130434782608,86.95652173913044,3.652173913043478,91.30434782608695,7.0,95.65217391304348,9.782608695652174,95.65217391304348,16.043478260869566,100.0,0.0,0.0,0.0,NO
OXXO,conveniencia,México,Nicolás Romero,Ciudad Nicolás Romero,23,23,64.87585279777943,203.53797087770312,352.8365355759942,594.9299012859287,1230.886842333637,493.23661989784887,0.6086956521739131,43.47826086956522,1.391304347826087,73.91304347826087,2.217391304347826,78.26086956521739,3.0869565217391304,86.95652173913044,5.478260869565218,95.65217391304348,7.304347826086956,100.0,13.521739130434783,100.0,0.0,0.0,13.043478260869565,NO
OXXO,conveniencia,Veracruz de Ignacio de la Llave,Orizaba,Orizaba,23,23,231.63304222352238,314.24212323620657,492.7607166675733,674.9841819369897,795.661797014392,520.670287725372,0.2608695652173913,17.391304347826086,1.1304347826086956,56.52173913043478,3.130434782608696,91.30434782608695,4.086956521739131,91.30434782608695,7.608695652173913,100.0,11.782608695652174,100.0,19.391304347826086,100.0,0.0,0.0,0.0,NO
OXXO,conveniencia,Guanajuato,San Miguel de Allende,San Miguel de Allende,22,22,110.0084293295622,199.7837995805777,432.6379422883837,562.7505118809979,933.3585756069695,466.6021917084241,0.2727272727272727,27.272727272727273,0.5454545454545454,54.54545454545455,2.0,77.27272727272727,3.090909090909091,95.45454545454545,6.090909090909091,100.0,9.636363636363637,100.0,16.136363636363637,100.0,0.0,0.0,9.090909090909092,NO
OXXO,conveniencia,Jalisco,Zapotlán el Grande,Ciudad Guzmán,22,22,221.97847347989438,236.84006743471855,353.8593493153601,597.454936885664,702.3699848862127,419.99437202517487,0.2727272727272727,27.272727272727273,1.0,72.72727272727273,2.727272727272727,95.45454545454545,4.2727272727272725,95.45454545454545,7.818181818181818,100.0,11.272727272727273,100.0,17.772727272727273,100.0,0.0,0.0,0.0,NO
OXXO,conveniencia,México,Metepec,San Salvador Tizatlalli,22,22,145.75215113699835,197.48997179217594,227.59901800358458,636.5662050120861,728.722871893849,384.67579384515716,0.6818181818181818,54.54545454545455,0.8181818181818182,63.63636363636363,2.772727272727273,95.45454545454545,5.136363636363637,100.0,11.454545454545455,100.0,20.136363636363637,100.0,43.77272727272727,100.0,9.090909090909092,9.090909090909092,9.090909090909092,NO
OXXO,conveniencia,Puebla,Atlixco,Atlixco,22,22,221.12368201703867,419.1186467700077,730.1063945498857,1059.0955350267175,1095.2998701857623,840.8283932208046,0.18181818181818182,13.636363636363637,0.8181818181818182,40.90909090909091,2.090909090909091,59.09090909090909,2.8181818181818183,68.18181818181819,5.7272727272727275,90.9090909090909,8.818181818181818,90.9090909090909,14.636363636363637,100.0,0.0,0.0,0.0,NO
OXXO,conveniencia,Querétaro,Querétaro,Juriquilla,22,22,69.54846632196603,202.4618115181084,289.65976321741545,365.88450789933586,671.4383203143282,380.1881613245177,0.2727272727272727,27.272727272727273,1.2727272727272727,81.81818181818181,2.1818181818181817,90.9090909090909,3.1363636363636362,95.45454545454545,5.363636363636363,95.45454545454545,8.090909090909092,100.0,15.590909090909092,100.0,9.090909090909092,9.090909090909092,9.090909090909092,NO
OXXO,conveniencia,Tamaulipas,Valle Hermoso,Valle Hermoso,22,22,178.6618601615503,204.56476736219457,456.7915011928245,705.6781372016702,864.6115218553754,486.55392669721203,0.36363636363636365,36.36363636363637,0.8181818181818182,59.09090909090909,2.3636363636363638,81.81818181818181,3.3636363636363638,90.9090909090909,6.863636363636363,100.0,9.545454545454545,100.0,16.227272727272727,100.0,9.090909090909092,9.090909090909092,9.090909090909092,NO
OXXO,conveniencia,Ciudad de México,Cuajimalpa de Morelos,Cuajimalpa de Morelos,21,21,163.89390990035088,238.85111388052997,301.22515641487666,468.1333565569486,1210.4687690440433,455.7046359685807,0.3333333333333333,28.571428571428573,1.6666666666666667,76.19047619047619,4.0476190476190474,85.71428571428571,5.095238095238095,85.71428571428571,7.904761904761905,100.0,11.047619047619047,100.0,19.761904761904763,100.0,0.0,0.0,0.0,NO
OXXO,conveniencia,Ciudad de México,La Magdalena Contreras,La Magdalena Contreras,21,21,204.27981737729203,295.58157756882366,354.6657550322332,504.65631834880514,510.6086504591199,404.5150045750772,0.19047619047619047,19.047619047619047,1.1428571428571428,71.42857142857143,3.3333333333333335,95.23809523809524,4.523809523809524,95.23809523809524,9.428571428571429,100.0,17.523809523809526,100.0,33.095238095238095,100.0,0.0,0.0,0.0,NO
OXXO,conveniencia,Coahuila de Zaragoza,San Juan de Sabinas,Nueva Rosita,21,21,318.5215475535525,325.94669695103653,488.9687363197201,525.0321027812813,604.974236706497,451.0447002521733,0.09523809523809523,9.523809523809524,0.6666666666666666,61.904761904761905,2.857142857142857,95.23809523809524,5.0476190476190474,100.0,9.238095238095237,100.0,14.0,100.0,18.571428571428573,100.0,0.0,0.0,0.0,NO
OXXO,conveniencia,Durango,Lerdo,Lerdo,21,21,184.7719217252686,342.63950124172226,579.6621227102659,632.0560255585768,861.9393989861005,534.416758590028,0.38095238095238093,19.047619047619047,1.0,38.095238095238095,2.9047619047619047,85.71428571428571,4.809523809523809,95.23809523809524,9.0,100.0,14.19047619047619,100.0,27.19047619047619,100.0,0.0,0.0,0.0,NO
OXXO,conveniencia,Nuevo León,Allende,Ciudad de Allende,21,21,62.108012734006685,102.12313607245206,269.6484635036104,498.6626124096288,753.259421734699,381.96940193362184,0.6666666666666666,42.857142857142854,1.9047619047619047,76.19047619047619,3.3333333333333335,90.47619047619048,4.761904761904762,95.23809523809524,8.857142857142858,95.23809523809524,13.047619047619047,100.0,17.857142857142858,100.0,0.0,0.0,9.523809523809524,NO
OXXO,conveniencia,Sonora,Cananea,Heroica Ciudad de Cananea,21,21,330.69435182097897,454.4731768689104,604.6521671712351,673.3630860052488,763.0372301310355,604.7762782401459,0.0,0.0,0.38095238095238093,33.333333333333336,1.9047619047619047,90.47619047619048,2.5714285714285716,90.47619047619048,6.476190476190476,100.0,9.857142857142858,100.0,16.0,100.0,0.0,0.0,0.0,NO
OXXO,conveniencia,Jalisco,Tepatitlán de Morelos,Tepatitlán de Morelos,20,20,285.2716731944824,402.39888213975973,518.3913940871282,739.1123453125468,914.0422115537591,594.358722758994,0.0,0.0,0.5,50.0,2.1,75.0,3.3,90.0,6.8,100.0,11.45,100.0,16.45,100.0,0.0,0.0,0.0,NO
OXXO,conveniencia,Oaxaca,Salina Cruz,Salina Cruz,20,20,54.83326395825762,107.04491199859196,460.88918255291156,632.1041910942243,704.5853150713671,423.25971014327206,0.7,30.0,1.2,55.0,3.6,100.0,4.8,100.0,7.9,100.0,9.4,100.0,13.7,100.0,0.0,10.0,20.0,NO
OXXO,conveniencia,Chihuahua,Camargo,Santa Rosalía de Camargo,19,19,163.3442437171846,405.92717106673933,536.7885919717154,647.752522222411,821.5510923515778,511.95993086811586,0.21052631578947367,21.05263157894737,0.631578947368421,47.36842105263158,2.210526315789474,78.94736842105263,3.5789473684210527,100.0,6.2105263157894735,100.0,10.105263157894736,100.0,16.210526315789473,100.0,0.0,0.0,0.0,NO
OXXO,conveniencia,Chihuahua,Nuevo Casas Grandes,Nuevo Casas Grandes,19,19,453.9919351555742,536.7068831110562,632.4325107822582,882.2160213299113,1271.1465629602485,775.177764407465,0.0,0.0,0.21052631578947367,15.789473684210526,1.1578947368421053,63.1578947368421,1.894736842105263,78.94736842105263,4.947368421052632,94.73684210526316,6.7368421052631575,100.0,10.526315789473685,100.0,0.0,0.0,0.0,NO
OXXO,conveniencia,Guanajuato,Dolores Hidalgo Cuna de la Independencia Nacional,Dolores Hidalgo Cuna de la Independencia Nacional,19,19,185.35132430186917,387.02217329749027,489.31275151291703,688.7875121205483,871.7370411738964,541.9793047196165,0.21052631578947367,21.05263157894737,0.8421052631578947,57.89473684210526,2.6315789473684212,89.47368421052632,3.6842105263157894,89.47368421052632,6.842105263157895,94.73684210526316,10.210526315789474,100.0,14.473684210526315,100.0,10.526315789473685,10.526315789473685,10.526315789473685,NO
OXXO,conveniencia,Guerrero,Zihuatanejo de Azueta,Zihuatanejo,19,19,10.964321915271812,206.1343464965959,351.12001584347803,519.8769865615558,612.4361210923222,361.7159771500751,0.3157894736842105,31.57894736842105,1.4736842105263157,73.6842105263158,4.421052631578948,94.73684210526316,5.2631578947368425,94.73684210526316,8.736842105263158,100.0,11.789473684210526,100.0,16.263157894736842,100.0,10.526315789473685,21.05263157894737,21.05263157894737,NO
OXXO,conveniencia,Hidalgo,Tulancingo de Bravo,Tulancingo,19,19,374.2170966995733,500.09142512025903,618.3388261834431,752.6477484773916,1238.9657554738428,692.9382136990771,0.0,0.0,0.3157894736842105,26.31578947368421,1.7894736842105263,78.94736842105263,2.736842105263158,84.21052631578948,4.947368421052632,100.0,8.894736842105264,100.0,15.263157894736842,100.0,0.0,0.0,0.0,NO
OXXO,conveniencia,Jalisco,San Juan de los Lagos,San Juan de los Lagos,19,19,12.954881183066686,87.84374854244123,299.5244028568859,423.2562337322355,753.8263206205338,332.48922387565773,0.631578947368421,47.36842105263158,2.210526315789474,78.94736842105263,3.789473684210526,89.47368421052632,4.842105263157895,89.47368421052632,10.210526315789474,100.0,12.736842105263158,100.0,15.368421052631579,100.0,10.526315789473685,21.05263157894737,21.05263157894737,NO
OXXO,conveniencia,Michoacán de Ocampo,Zitácuaro,Heróica Zitácuaro,19,19,263.4817613490261,338.83559001922106,425.6490886790067,464.803448623074,666.1270065424957,414.0487138493091,0.10526315789473684,10.526315789473685,1.7894736842105263,78.94736842105263,4.421052631578948,100.0,6.0,100.0,10.526315789473685,100.0,13.894736842105264,100.0,17.57894736842105,100.0,0.0,0.0,0.0,NO
OXXO,conveniencia,Oaxaca,San Juan Bautista Tuxtepec,San Juan Bautista Tuxtepec,19,19,264.4677185796949,328.1432211427305,621.9353124661603,724.922492630669,1072.4103172898408,637.7375236774664,0.10526315789473684,10.526315789473685,0.631578947368421,47.36842105263158,1.8421052631578947,78.94736842105263,3.4210526315789473,89.47368421052632,6.052631578947368,89.47368421052632,8.526315789473685,100.0,14.368421052631579,100.0,0.0,0.0,0.0,NO
OXXO,conveniencia,Sonora,Empalme,Empalme,19,19,289.7214189497896,333.4978085406053,379.3210961023584,623.4835640130584,742.6811935269186,484.3558600759232,0.10526315789473684,10.526315789473685,0.5263157894736842,52.63157894736842,2.3157894736842106,89.47368421052632,3.473684210526316,100.0,7.684210526315789,100.0,10.842105263157896,100.0,15.473684210526315,100.0,0.0,0.0,0.0,NO
OXXO,conveniencia,Tamaulipas,El Mante,Ciudad Mante,19,19,341.7382386967985,498.9787986059077,580.3180909607453,725.9675914548907,822.0210362631442,620.9607774264516,0.10526315789473684,10.526315789473685,0.3157894736842105,31.57894736842105,2.210526315789474,89.47368421052632,3.3684210526315788,94.73684210526316,6.421052631578948,94.73684210526316,10.210526315789474,100.0,15.052631578947368,100.0,0.0,0.0,0.0,NO
OXXO,conveniencia,Aguascalientes,Jesús María,Jesús María,18,18,163.878344218702,393.825293842837,447.68106700638054,555.0458062798416,572.3798688806781,424.11098535247515,0.2222222222222222,22.22222222222222,1.1111111111111112,61.111111111111114,2.7222222222222223,100.0,4.111111111111111,100.0,7.111111111111111,100.0,10.555555555555555,100.0,18.666666666666668,100.0,0.0,0.0,0.0,NO
OXXO,conveniencia,Guanajuato,San Francisco del Rincón,San Francisco del Rincón,18,18,230.5827000635043,350.39159285370084,483.31846957468804,597.7264272904426,685.4399195288544,497.67446374933047,0.1111111111111111,11.11111111111111,0.6666666666666666,50.0,2.388888888888889,88.88888888888889,3.7777777777777777,94.44444444444444,9.38888888888889,100.0,14.166666666666666,100.0,22.555555555555557,100.0,0.0,0.0,0.0,NO
OXXO,conveniencia,Nuevo León,García,Mitras Poniente,18,18,173.03275530871935,294.33923203006105,478.2376515101112,567.5432668889629,909.2212652870614,488.6865594568908,0.2222222222222222,22.22222222222222,1.0,66.66666666666667,2.3333333333333335,83.33333333333333,3.8333333333333335,88.88888888888889,7.277777777777778,100.0,11.38888888888889,100.0,23.444444444444443,100.0,0.0,0.0,0.0,NO
OXXO,conveniencia,Yucatán,Kanasín,Kanasín,18,18,612.1771023395768,645.1049948499553,811.2856926991741,1101.152632906418,1198.8450487824848,875.8354040321917,0.0,0.0,0.0,0.0,0.4444444444444444,44.44444444444444,0.7777777777777778,66.66666666666667,2.2777777777777777,100.0,5.555555555555555,100.0,12.722222222222221,100.0,0.0,0.0,0.0,NO
OXXO,conveniencia,Yucatán,Progreso,Progreso,18,18,244.86091038478781,256.21874360515824,356.1209293393232,605.5354008263332,780.2434002720277,507.6006864670048,0.2222222222222222,22.22222222222222,1.5555555555555556,61.111111111111114,3.5555555555555554,94.44444444444444,5.055555555555555,94.44444444444444,7.222222222222222,94.44444444444444,9.88888888888889,100.0,11.38888888888889,100.0,0.0,0.0,0.0,NO
OXXO,conveniencia,Coahuila de Zaragoza,Matamoros,Matamoros,17,17,128.8091894051593,206.6737563602646,423.98571418579485,645.3835954034168,941.2072976094266,468.3745806755608,0.47058823529411764,47.05882352941177,1.1764705882352942,52.94117647058823,2.3529411764705883,76.47058823529412,3.4705882352941178,88.23529411764706,6.764705882352941,100.0,9.294117647058824,100.0,12.705882352941176,100.0,0.0,0.0,0.0,NO
OXXO,conveniencia,Coahuila de Zaragoza,Múzquiz,Ciudad Melchor Múzquiz,17,17,102.49582881981458,435.1430571877069,534.3711444901136,640.5774885981791,729.4390553047696,491.3887810929591,0.35294117647058826,17.647058823529413,0.8235294117647058,29.41176470588235,2.823529411764706,88.23529411764706,3.8823529411764706,100.0,8.235294117647058,100.0,11.411764705882353,100.0,15.176470588235293,100.0,11.764705882352942,11.764705882352942,11.764705882352942,NO
OXXO,conveniencia,Jalisco,Ocotlán,Ocotlán,17,17,230.44403740096078,531.7603789327571,598.9973332966631,706.0614970076084,841.9040331037784,576.7400737417584,0.11764705882352941,11.764705882352942,0.35294117647058826,23.529411764705884,2.176470588235294,88.23529411764706,3.4705882352941178,88.23529411764706,6.529411764705882,100.0,10.411764705882353,100.0,15.294117647058824,100.0,0.0,0.0,0.0,NO
OXXO,conveniencia,Michoacán de Ocampo,La Piedad,La Piedad de Cabadas,17,17,215.49828710758163,423.1013737300871,520.743226840879,669.603020231303,776.7255705036339,502.3232667249093,0.11764705882352941,11.764705882352942,0.5882352941176471,47.05882352941177,1.6470588235294117,88.23529411764706,2.588235294117647,100.0,5.0,100.0,6.647058823529412,100.0,12.235294117647058,100.0,0.0,0.0,0.0,NO
OXXO,conveniencia,Michoacán de Ocampo,Sahuayo,Sahuayo de Morelos,17,17,221.5102010889293,301.21268633615034,348.8371995497079,566.6963974616503,758.5836120211259,454.4096525405969,0.23529411764705882,23.529411764705884,1.6470588235294117,64.70588235294117,4.0,88.23529411764706,6.117647058823529,94.11764705882354,9.529411764705882,100.0,12.0,100.0,14.882352941176471,100.0,0.0,0.0,0.0,NO
OXXO,conveniencia,Nuevo León,García,Valle de Lincoln,17,17,160.87295433184426,343.6463640040617,382.8642653136046,466.7139869065645,545.0673890732796,386.927363009711,0.11764705882352941,11.764705882352942,1.588235294117647,88.23529411764706,3.1176470588235294,94.11764705882354,4.705882352941177,94.11764705882354,9.647058823529411,100.0,13.764705882352942,100.0,20.647058823529413,100.0,11.764705882352942,11.764705882352942,11.764705882352942,NO
OXXO,conveniencia,Quintana Roo,Tulum,Tulum,17,17,283.7491823967896,330.557594504041,397.001084925964,535.1185784255366,1253.962856798721,627.909491632286,0.0,0.0,0.9411764705882353,70.58823529411765,2.176470588235294,82.3529411764706,3.2941176470588234,82.3529411764706,7.352941176470588,88.23529411764706,10.647058823529411,94.11764705882354,15.176470588235293,100.0,0.0,0.0,0.0,NO
OXXO,conveniencia,San Luis Potosí,Matehuala,Matehuala,17,17,499.24153376545416,713.1650442657807,743.3114251507301,800.4431399402981,1678.1287092217794,888.3758555981717,0.0,0.0,0.11764705882352941,11.764705882352942,1.1764705882352942,70.58823529411765,2.1176470588235294,82.3529411764706,4.117647058823529,82.3529411764706,7.294117647058823,94.11764705882354,11.882352941176471,100.0,0.0,0.0,0.0,NO
OXXO,conveniencia,Sonora,Huatabampo,Huatabampo,17,17,234.11833503144754,328.007761594622,390.52587385960686,558.2872967497594,626.026407396256,445.9033225980521,0.11764705882352941,11.764705882352942,1.1764705882352942,58.8235294117647,4.588235294117647,94.11764705882354,6.235294117647059,100.0,11.117647058823529,100.0,14.352941176470589,100.0,16.647058823529413,100.0,0.0,0.0,0.0,NO
OXXO,conveniencia,Tlaxcala,Apizaco,Ciudad de Apizaco,17,17,154.15138083175083,278.6421489407708,381.4105219333126,534.7583813939586,595.7328011051255,381.94259759511993,0.23529411764705882,23.529411764705884,1.8823529411764706,64.70588235294117,4.9411764705882355,100.0,7.235294117647059,100.0,13.941176470588236,100.0,18.529411764705884,100.0,25.352941176470587,100.0,0.0,0.0,0.0,NO
OXXO,conveniencia,Yucatán,Umán,Umán,17,17,330.1571168600724,505.563044155433,691.5258925455216,822.3728813721981,1007.827089546163,676.3151241136806,0.11764705882352941,11.764705882352942,0.23529411764705882,23.529411764705884,1.6470588235294117,64.70588235294117,2.5294117647058822,88.23529411764706,4.9411764705882355,100.0,7.0,100.0,10.764705882352942,100.0,0.0,0.0,0.0,NO
OXXO,conveniencia,Guanajuato,Valle de Santiago,Valle de Santiago,16,16,159.0009127996753,319.17761916274867,345.9943233739715,576.3740672249087,705.2373769246299,408.11997086208277,0.125,12.5,0.875,62.5,2.375,100.0,3.875,100.0,7.625,100.0,11.125,100.0,14.25,100.0,12.5,12.5,12.5,NO
OXXO,conveniencia,Michoacán de Ocampo,Pátzcuaro,Pátzcuaro,16,16,316.121705097635,487.689180676929,544.5665022318924,635.8518581737628,1260.1439043901185,687.9940440764593,0.0,0.0,0.625,37.5,2.0,81.25,2.875,81.25,6.0625,93.75,8.5,93.75,13.3125,100.0,0.0,0.0,0.0,NO
OXXO,conveniencia,México,Toluca,Santa Ana Tlapaltitlán,16,16,12.819342301112439,31.988990086531285,381.7765561901168,406.7680142100532,562.9243195814101,311.763326715801,0.3125,31.25,2.125,87.5,4.4375,100.0,6.6875,100.0,15.75,100.0,28.5,100.0,68.9375,100.0,0.0,25.0,31.25,NO
OXXO,conveniencia,Nuevo León,Juárez,Jardines de la Silla (Jardines),16,16,4.669362255493291,163.7310765730304,428.27850966174447,560.2413897979048,712.6255797155648,376.1224437762729,0.375,37.5,1.3125,62.5,3.125,93.75,5.375,100.0,10.3125,100.0,17.0625,100.0,37.3125,100.0,25.0,25.0,25.0,NO
OXXO,conveniencia,Puebla,San Andrés Cholula,San Andrés Cholula,16,16,170.83742230902655,332.5020668162963,501.2040912073593,623.386915085863,772.8069707162396,521.2946121935851,0.125,12.5,0.75,50.0,2.1875,87.5,4.1875,93.75,8.875,93.75,16.8125,100.0,36.625,100.0,0.0,0.0,0.0,NO
OXXO,conveniencia,Tamaulipas,San Fernando,San Fernando,16,16,17.121697658144583,168.75999365819678,253.53472972131678,634.9223274815613,864.031766506658,390.14114561187915,0.5,50.0,1.0,68.75,2.75,87.5,3.75,87.5,6.125,100.0,9.75,100.0,13.375,100.0,0.0,25.0,25.0,NO
OXXO,conveniencia,Chiapas,Comitán de Domínguez,Comitán de Domínguez,15,15,254.16632086731963,305.18205217934064,410.04400207682494,613.0499903506939,790.5333446807656,492.1631770543056,0.13333333333333333,13.333333333333334,0.6666666666666666,53.333333333333336,2.533333333333333,86.66666666666667,4.133333333333334,93.33333333333333,6.4,100.0,8.666666666666666,100.0,11.2,100.0,0.0,0.0,0.0,NO
OXXO,conveniencia,Jalisco,Tlajomulco de Zúñiga,San Agustín,15,15,269.58626321801563,341.11447819757217,421.6125195208522,526.2336386372822,737.1147083450423,464.1932259753351,0.13333333333333333,13.333333333333334,0.7333333333333333,60.0,2.066666666666667,86.66666666666667,3.4,100.0,6.266666666666667,100.0,9.4,100.0,17.6,100.0,0.0,0.0,0.0,NO
OXXO,conveniencia,Morelos,Temixco,Temixco,15,15,114.44138774211007,237.26066974617163,376.9884862057008,492.4172661324028,576.3181045937089,430.20452960978974,0.4666666666666667,46.666666666666664,1.1333333333333333,73.33333333333333,2.6666666666666665,93.33333333333333,3.6,93.33333333333333,6.533333333333333,93.33333333333333,10.4,100.0,18.8,100.0,0.0,0.0,13.333333333333334,NO
OXXO,conveniencia,México,Metepec,Metepec,15,15,197.9615442978427,275.3539805174462,373.1561466763408,459.800868902292,513.3317969265051,365.4858191037838,0.2,20.0,1.1333333333333333,86.66666666666667,3.2,100.0,5.466666666666667,100.0,13.066666666666666,100.0,22.133333333333333,100.0,46.733333333333334,100.0,0.0,0.0,0.0,NO
OXXO,conveniencia,Puebla,Cuautlancingo,San Juan Cuautlancingo,15,15,52.166742778514205,136.65130238198046,390.1906186197173,639.8038582369642,730.1540421490795,377.54063962810244,0.5333333333333333,46.666666666666664,1.4,60.0,2.8,100.0,4.066666666666666,100.0,10.333333333333334,100.0,17.066666666666666,100.0,31.933333333333334,100.0,0.0,13.333333333333334,13.333333333333334,NO
OXXO,conveniencia,Tabasco,Paraíso,Paraíso,15,15,188.3492298651642,278.480285664377,388.65340609379325,508.0299205989805,566.4235326413569,419.5633413390744,0.26666666666666666,20.0,2.0,60.0,4.666666666666667,93.33333333333333,6.4,100.0,9.666666666666666,100.0,12.333333333333334,100.0,14.333333333333334,100.0,0.0,0.0,0.0,NO
OXXO,conveniencia,Veracruz de Ignacio de la Llave,Acayucan,Acayucan,15,15,122.17375312502148,273.56901729245783,443.0918367373717,486.440022819917,535.3497369419131,384.63296349927765,0.26666666666666666,26.666666666666668,0.9333333333333333,73.33333333333333,3.2,100.0,5.066666666666666,100.0,9.2,100.0,11.933333333333334,100.0,15.733333333333333,100.0,0.0,0.0,0.0,NO
OXXO,conveniencia,Guanajuato,Uriangato,Uriangato,14,14,76.58325382414121,239.71257956270097,494.4239603234671,796.8535123255182,974.3018318409481,519.0366849282376,0.2857142857142857,28.571428571428573,0.5,50.0,2.2142857142857144,71.42857142857143,3.4285714285714284,85.71428571428571,6.857142857142857,100.0,10.285714285714286,100.0,15.928571428571429,100.0,0.0,14.285714285714286,14.285714285714286,NO
OXXO,conveniencia,Jalisco,Autlán de Navarro,Autlán de Navarro,14,14,111.91936476153374,400.1325570760049,710.4056332810286,869.4561142859626,1052.4286208225167,653.0915043726428,0.14285714285714285,14.285714285714286,0.7142857142857143,35.714285714285715,2.0,71.42857142857143,3.2857142857142856,85.71428571428571,6.714285714285714,100.0,8.857142857142858,100.0,12.0,100.0,14.285714285714286,14.285714285714286,14.285714285714286,NO
OXXO,conveniencia,México,Atlacomulco,Atlacomulco de Fabela,14,14,180.13637225253552,275.11486164681077,327.86345265385813,427.4468837169384,659.2259009398645,373.47648383157497,0.14285714285714285,14.285714285714286,1.7142857142857142,85.71428571428571,2.857142857142857,100.0,4.285714285714286,100.0,8.857142857142858,100.0,11.285714285714286,100.0,13.571428571428571,100.0,0.0,0.0,0.0,NO
OXXO,conveniencia,México,Lerma,Lerma de Villada,14,14,16.547499959087588,30.35483683755803,332.4906849945977,521.7950735778608,834.449426327762,342.833804953473,0.42857142857142855,42.857142857142854,0.7857142857142857,64.28571428571429,2.2857142857142856,85.71428571428571,3.9285714285714284,100.0,6.857142857142857,100.0,11.142857142857142,100.0,23.214285714285715,100.0,0.0,28.571428571428573,28.571428571428573,NO
OXXO,conveniencia,México,Tultitlán,Tultitlán de Mariano Escobedo,14,14,188.80360071007436,261.8494004211483,421.0685037783644,578.5512074809924,640.042309990567,430.54568240379547,0.5,28.571428571428573,1.4285714285714286,57.142857142857146,3.357142857142857,100.0,4.428571428571429,100.0,8.428571428571429,100.0,16.214285714285715,100.0,33.07142857142857,100.0,0.0,0.0,0.0,NO
OXXO,conveniencia,México,Valle de Chalco Solidaridad,Xico,14,14,529.6205921787736,610.5903072961473,699.1559058319491,943.4898850773166,1086.1262195197041,765.41539828364,0.0,0.0,0.0,0.0,0.7857142857142857,64.28571428571429,1.2142857142857142,78.57142857142857,3.5714285714285716,100.0,6.642857142857143,100.0,12.571428571428571,100.0,0.0,0.0,0.0,NO
OXXO,conveniencia,México,Zumpango,Zumpango de Ocampo,14,14,71.01991290369695,343.18410877110745,358.8418303529418,551.1178376967862,1084.5198947357774,485.8529535418365,0.42857142857142855,21.428571428571427,1.1428571428571428,57.142857142857146,2.2857142857142856,78.57142857142857,3.9285714285714284,85.71428571428571,5.857142857142857,100.0,8.571428571428571,100.0,12.928571428571429,100.0,0.0,0.0,14.285714285714286,NO
OXXO,conveniencia,Puebla,Amozoc,Amozoc de Mota,14,14,350.8056090747425,504.819095726767,602.2491105180752,713.475724760707,808.8371443036631,587.7031840086469,0.07142857142857142,7.142857142857143,0.21428571428571427,21.428571428571427,1.0714285714285714,85.71428571428571,1.8571428571428572,100.0,3.4285714285714284,100.0,5.714285714285714,100.0,11.357142857142858,100.0,0.0,0.0,0.0,NO
OXXO,conveniencia,Veracruz de Ignacio de la Llave,Pánuco,Pánuco,14,14,84.21208826763022,221.9067207808137,390.4014109102526,529.658306666787,600.9100224850117,379.25058608285906,0.2857142857142857,28.571428571428573,1.0,71.42857142857143,3.2857142857142856,100.0,5.285714285714286,100.0,9.642857142857142,100.0,12.285714285714286,100.0,13.642857142857142,100.0,0.0,0.0,14.285714285714286,NO
OXXO,conveniencia,Veracruz de Ignacio de la Llave,Veracruz,Valente Díaz,14,14,13.384386321029407,251.74321809926664,295.82636093985843,594.5040539564371,800.8067953983631,388.4058293938914,0.21428571428571427,21.428571428571427,1.6428571428571428,64.28571428571429,2.4285714285714284,78.57142857142857,3.9285714285714284,100.0,7.0,100.0,11.642857142857142,100.0,20.5,100.0,14.285714285714286,14.285714285714286,21.428571428571427,NO
OXXO,conveniencia,Chiapas,Palenque,Palenque,13,13,186.97668799339252,212.1236188686481,319.24575782032747,477.96119239721077,1316.955676304284,505.98407792592485,0.6153846153846154,46.15384615384615,3.230769230769231,76.92307692307692,5.384615384615385,76.92307692307692,6.461538461538462,76.92307692307692,8.0,100.0,8.461538461538462,100.0,8.76923076923077,100.0,0.0,0.0,0.0,NO
OXXO,conveniencia,Chihuahua,Ojinaga,Manuel Ojinaga,13,13,156.5370504925573,260.5766005005239,529.5543136987443,977.183429405812,1075.8476448357544,596.919841400644,0.15384615384615385,15.384615384615385,0.6153846153846154,46.15384615384615,1.3846153846153846,69.23076923076923,2.0,76.92307692307692,4.615384615384615,100.0,6.615384615384615,100.0,10.307692307692308,100.0,0.0,0.0,0.0,NO
OXXO,conveniencia,Jalisco,Arandas,Arandas,13,13,183.9739649997909,258.77011350892565,627.3812549162179,778.6786543956126,956.2563468687609,542.8600503139085,0.23076923076923078,23.076923076923077,0.6923076923076923,46.15384615384615,1.7692307692307692,76.92307692307692,3.3846153846153846,92.3076923076923,5.3076923076923075,100.0,7.6923076923076925,100.0,10.461538461538462,100.0,7.6923076923076925,7.6923076923076925,7.6923076923076925,NO
OXXO,conveniencia,Jalisco,Tlajomulco de Zúñiga,Hacienda Santa Fe,13,13,59.578343015381776,266.10977013580407,554.8205895305954,684.8724415237801,854.3837381729923,503.6600292850043,0.15384615384615385,15.384615384615385,0.46153846153846156,38.46153846153846,1.7692307692307692,84.61538461538461,2.4615384615384617,100.0,6.846153846153846,100.0,10.153846153846153,100.0,19.23076923076923,100.0,15.384615384615385,15.384615384615385,15.384615384615385,NO
OXXO,conveniencia,Michoacán de Ocampo,Zacapu,Zacapu,13,13,63.91164743490148,252.70042667292302,344.95048886398115,648.3914185749063,767.1097345506149,558.8319600138904,0.15384615384615385,15.384615384615385,1.2307692307692308,69.23076923076923,3.230769230769231,92.3076923076923,4.461538461538462,92.3076923076923,7.6923076923076925,92.3076923076923,9.538461538461538,92.3076923076923,10.307692307692308,100.0,0.0,15.384615384615385,15.384615384615385,NO
OXXO,conveniencia,México,Acolman,Tepexpan,13,13,63.6640669214387,318.3203346071932,526.6044973656569,921.1995431703452,2002.2110069991154,788.8713380698166,0.15384615384615385,15.384615384615385,0.46153846153846156,38.46153846153846,1.0769230769230769,69.23076923076923,1.2307692307692308,76.92307692307692,2.4615384615384617,84.61538461538461,4.230769230769231,84.61538461538461,9.846153846153847,100.0,15.384615384615385,15.384615384615385,15.384615384615385,NO
OXXO,conveniencia,México,Metepec,San Jerónimo Chicahualco,13,13,47.27666012131442,109.5204124774929,322.4520347686507,439.89843779517463,474.66483109233957,281.9330010024415,0.38461538461538464,38.46153846153846,1.7692307692307692,100.0,5.538461538461538,100.0,7.3076923076923075,100.0,16.153846153846153,100.0,26.46153846153846,100.0,52.53846153846154,100.0,0.0,0.0,15.384615384615385,NO
OXXO,conveniencia,México,Texcoco,Texcoco de Mora,13,13,90.92668208053198,191.64548122936813,335.0909393603428,461.5415336568268,564.8448357465728,320.4804742131395,0.46153846153846156,46.15384615384615,2.4615384615384617,84.61538461538461,6.384615384615385,100.0,8.76923076923077,100.0,13.23076923076923,100.0,16.076923076923077,100.0,19.692307692307693,100.0,0.0,0.0,0.0,NO
OXXO,conveniencia,Puebla,Teziutlán,Teziutlán,13,13,189.3562804003571,223.77563403268226,296.35982854818843,584.494440840968,764.6764509878283,412.1555870589485,0.3076923076923077,30.76923076923077,0.9230769230769231,69.23076923076923,1.6923076923076923,84.61538461538461,2.4615384615384617,92.3076923076923,5.923076923076923,100.0,9.0,100.0,13.0,100.0,0.0,0.0,0.0,NO
OXXO,conveniencia,Sonora,Magdalena,Magdalena de Kino,13,13,273.3435741409161,331.3533680735366,478.68264792843956,619.6612910178816,737.3166473373817,509.6547294296698,0.0,0.0,0.7692307692307693,53.84615384615385,2.769230769230769,92.3076923076923,4.461538461538462,100.0,7.538461538461538,100.0,10.153846153846153,100.0,12.076923076923077,100.0,0.0,0.0,0.0,NO
OXXO,conveniencia,Tabasco,Comalcalco,Comalcalco,13,13,61.61084263741474,201.08482705770012,415.7487269608484,814.1202159661893,920.038049752297,471.4779831208316,0.3076923076923077,30.76923076923077,1.0769230769230769,69.23076923076923,1.3846153846153846,69.23076923076923,2.6923076923076925,100.0,6.384615384615385,100.0,7.923076923076923,100.0,11.846153846153847,100.0,0.0,0.0,15.384615384615385,NO
OXXO,conveniencia,Tlaxcala,Huamantla,Huamantla,13,13,62.96298837647632,141.7154656583859,237.46232581990452,492.5425934845343,901.449260437384,394.90104503399834,0.6153846153846154,53.84615384615385,1.8461538461538463,76.92307692307692,3.230769230769231,76.92307692307692,4.461538461538462,92.3076923076923,6.923076923076923,100.0,9.307692307692308,100.0,12.615384615384615,100.0,0.0,0.0,15.384615384615385,NO
OXXO,conveniencia,Veracruz de Ignacio de la Llave,Tierra Blanca,Tierra Blanca,13,13,302.4808867801723,421.85784019698457,509.94147954076635,566.5704156847536,640.9506847882377,508.6443052520871,0.0,0.0,0.9230769230769231,38.46153846153846,3.076923076923077,92.3076923076923,4.3076923076923075,100.0,7.384615384615385,100.0,10.0,100.0,12.0,100.0,0.0,0.0,0.0,NO
OXXO,conveniencia,Coahuila de Zaragoza,Francisco I. Madero,Francisco I. Madero (Chávez),12,12,17.99219109494879,63.27829011008212,356.5088895073669,417.57736640111307,644.4648349845236,318.79400056008024,0.3333333333333333,33.333333333333336,1.0,75.0,2.5,100.0,4.333333333333333,100.0,8.0,100.0,10.166666666666666,100.0,11.0,100.0,0.0,16.666666666666668,16.666666666666668,NO
OXXO,conveniencia,Coahuila de Zaragoza,Parras,Parras de la Fuente,12,12,69.09470581873993,469.9650685179948,671.83117083942,757.5916629367526,918.8019448253103,590.2794345562625,0.16666666666666666,16.666666666666668,0.3333333333333333,33.333333333333336,1.5,75.0,2.5,100.0,5.0,100.0,7.333333333333333,100.0,10.333333333333334,100.0,0.0,16.666666666666668,16.666666666666668,NO
OXXO,conveniencia,Coahuila de Zaragoza,San Buenaventura,San Buenaventura,12,12,443.41298525253626,450.2026832518027,614.1961583778166,719.3825639915807,809.176827102303,651.295231725598,0.0,0.0,0.5,33.333333333333336,1.3333333333333333,83.33333333333333,3.25,91.66666666666667,5.583333333333333,100.0,8.916666666666666,100.0,11.416666666666666,100.0,0.0,0.0,0.0,NO
OXXO,conveniencia,Guanajuato,Silao de la Victoria,Silao de la Victoria,12,12,13.904807090661626,38.446215271147516,118.5487784805292,486.8439356728775,862.5559619488637,288.54694590130333,0.6666666666666666,66.66666666666667,1.0,75.0,2.1666666666666665,83.33333333333333,2.5,100.0,4.333333333333333,100.0,7.0,100.0,10.166666666666666,100.0,0.0,16.666666666666668,50.0,NO
OXXO,conveniencia,Guerrero,Taxco de Alarcón,Taxco de Alarcón,12,12,25.946642698188526,117.6645190923622,172.22157037578683,259.4174994228396,430.9976687589865,233.97230838509813,0.8333333333333334,75.0,1.8333333333333333,91.66666666666667,3.5,91.66666666666667,4.5,100.0,7.333333333333333,100.0,9.333333333333334,100.0,11.0,100.0,0.0,16.666666666666668,16.666666666666668,NO
OXXO,conveniencia,Jalisco,Ameca,Ameca,12,12,159.798971527643,175.4982551688461,364.4683681087406,544.64119914873,636.0909290078691,426.99102711414025,0.3333333333333333,33.333333333333336,1.5,66.66666666666667,3.1666666666666665,91.66666666666667,4.166666666666667,91.66666666666667,6.916666666666667,100.0,9.0,100.0,11.416666666666666,100.0,0.0,0.0,0.0,NO
OXXO,conveniencia,México,Metepec,San Francisco Coaxusco,12,12,27.771792008093904,131.09063330778193,262.0147998552743,345.064925588468,355.93447353875615,226.95157384416916,0.5833333333333334,50.0,2.3333333333333335,100.0,4.916666666666667,100.0,8.166666666666666,100.0,18.583333333333332,100.0,32.583333333333336,100.0,69.75,100.0,0.0,16.666666666666668,16.666666666666668,NO
OXXO,conveniencia,Nuevo León,Sabinas Hidalgo,Ciudad Sabinas Hidalgo,12,12,9.450641401070044,23.72090303496031,606.4061794247749,814.3453221083652,1711.9414465205637,693.989748091738,0.3333333333333333,33.333333333333336,1.0,50.0,1.5,66.66666666666667,2.5,83.33333333333333,5.0,83.33333333333333,6.0,91.66666666666667,8.166666666666666,100.0,16.666666666666668,33.333333333333336,33.333333333333336,NO
OXXO,conveniencia,Oaxaca,Heroica Ciudad de Juchitán de Zaragoza,Juchitán de Zaragoza,12,12,39.29228097901513,327.597304907119,409.61882003941673,513.6363175818699,727.6044500608108,408.2679721964758,0.16666666666666666,16.666666666666668,0.8333333333333334,66.66666666666667,2.6666666666666665,100.0,4.0,100.0,8.416666666666666,100.0,10.416666666666666,100.0,11.916666666666666,100.0,16.666666666666668,16.666666666666668,16.666666666666668,NO
OXXO,conveniencia,Puebla,Cuautlancingo,Sanctorum,12,12,65.70437746773871,284.2463555045954,517.96893217333,733.5964426808313,876.8183206052333,525.9082984948858,0.5,25.0,0.6666666666666666,41.666666666666664,1.3333333333333333,75.0,2.5833333333333335,91.66666666666667,6.916666666666667,100.0,13.416666666666666,100.0,26.583333333333332,100.0,0.0,0.0,0.0,NO
OXXO,conveniencia,Sinaloa,Navolato,Navolato,12,12,170.75479971023796,300.699266536605,493.42773552283694,618.9983768949417,816.8056370636778,539.3803546647327,0.3333333333333333,25.0,1.3333333333333333,50.0,3.1666666666666665,75.0,3.6666666666666665,91.66666666666667,6.5,91.66666666666667,8.333333333333334,100.0,10.75,100.0,0.0,0.0,0.0,NO
OXXO,conveniencia,Tlaxcala,Chiautempan,Santa Ana Chiautempan,12,12,181.7087864664958,245.12084820449638,371.22010432496563,496.8948436310964,527.1023532496848,383.67954231143017,0.3333333333333333,33.333333333333336,1.25,75.0,4.0,100.0,6.0,100.0,11.25,100.0,14.75,100.0,20.25,100.0,0.0,0.0,0.0,NO
OXXO,conveniencia,Veracruz de Ignacio de la Llave,Agua Dulce,Agua Dulce,12,12,30.86921047926565,226.80511949642047,315.9304382497713,460.1746147620273,488.09825036805455,348.9155887146233,0.3333333333333333,33.333333333333336,1.5,91.66666666666667,2.0,91.66666666666667,3.3333333333333335,100.0,5.666666666666667,100.0,8.083333333333334,100.0,10.666666666666666,100.0,16.666666666666668,16.666666666666668,16.666666666666668,NO
OXXO,conveniencia,Veracruz de Ignacio de la Llave,Las Choapas,Las Choapas,12,12,53.444185735435546,218.77671432515174,397.40629646199017,598.1196359297015,751.8678092959451,457.23340649271194,0.3333333333333333,33.333333333333336,0.6666666666666666,66.66666666666667,2.1666666666666665,91.66666666666667,3.0,91.66666666666667,5.0,100.0,6.666666666666667,100.0,9.333333333333334,100.0,0.0,0.0,16.666666666666668,NO
OXXO,conveniencia,Coahuila de Zaragoza,Castaños,Castaños,11,11,507.21001872314594,565.6803157582367,694.6774756744911,870.211549935509,1015.5786048318746,754.3950825483724,0.0,0.0,0.0,0.0,0.9090909090909091,54.54545454545455,1.8181818181818181,81.81818181818181,3.909090909090909,100.0,5.909090909090909,100.0,9.272727272727273,100.0,0.0,0.0,0.0,NO
OXXO,conveniencia,Colima,Tecomán,Tecomán,11,11,198.2400648529148,525.3922496475707,679.0142827700869,755.7654034574475,801.4273622156917,607.9584759224989,0.18181818181818182,18.181818181818183,0.18181818181818182,18.181818181818183,2.0,81.81818181818181,3.6363636363636362,100.0,6.181818181818182,100.0,8.909090909090908,100.0,10.0,100.0,0.0,0.0,0.0,NO
OXXO,conveniencia,Guanajuato,Acámbaro,Acámbaro,11,11,314.25878098901427,341.83053660598296,473.6343249632685,540.7974016531463,621.0730215599636,493.89801567157684,0.0,0.0,1.0909090909090908,63.63636363636363,2.3636363636363638,90.9090909090909,3.272727272727273,90.9090909090909,5.090909090909091,100.0,6.363636363636363,100.0,8.363636363636363,100.0,0.0,0.0,0.0,NO
OXXO,conveniencia,Guanajuato,Guanajuato,Marfil,11,11,178.43854535493605,387.1945701202002,650.1889885596352,684.6542185580875,808.0915054480712,568.5376186423605,0.18181818181818182,18.181818181818183,0.45454545454545453,36.36363636363637,1.4545454545454546,81.81818181818181,3.1818181818181817,90.9090909090909,6.0,100.0,8.454545454545455,100.0,14.0,100.0,0.0,0.0,0.0,NO
OXXO,conveniencia,Jalisco,Puerto Vallarta,Ixtapa,11,11,85.19880238708424,174.50719547286027,541.3018087707738,655.358302637041,786.3605468189485,458.911789115686,0.36363636363636365,36.36363636363637,0.5454545454545454,45.45454545454545,3.6363636363636362,100.0,4.363636363636363,100.0,6.545454545454546,100.0,9.0,100.0,12.545454545454545,100.0,0.0,0.0,0.0,NO
OXXO,conveniencia,Morelos,Jojutla,Jojutla,11,11,162.39363141182412,222.9632121338991,274.2626266568537,419.6384093911152,623.2480000549435,346.800731629416,0.5454545454545454,45.45454545454545,3.090909090909091,81.81818181818181,5.545454545454546,100.0,7.363636363636363,100.0,10.0,100.0,12.090909090909092,100.0,17.636363636363637,100.0,0.0,0.0,0.0,NO
OXXO,conveniencia,Morelos,Yautepec,Yautepec de Zaragoza,11,11,216.64115486643445,284.9052138991079,521.5815785874019,901.7597372720026,991.5028148364411,577.5813214205377,0.36363636363636365,27.272727272727273,0.7272727272727273,45.45454545454545,1.2727272727272727,63.63636363636363,2.3636363636363638,90.9090909090909,4.181818181818182,100.0,6.818181818181818,100.0,9.636363636363637,100.0,0.0,0.0,0.0,NO
OXXO,conveniencia,México,Jilotepec,Jilotepec de Molina Enríquez,11,11,0.0,27.12621108909177,102.53590716590124,536.3460276608291,710.3546313117803,292.4615136585801,0.5454545454545454,54.54545454545455,0.7272727272727273,63.63636363636363,2.0,100.0,3.0,100.0,5.909090909090909,100.0,7.818181818181818,100.0,10.636363636363637,100.0,18.181818181818183,18.181818181818183,36.36363636363637,NO
OXXO,conveniencia,México,Metepec,San Jorge Pueblo Nuevo,11,11,131.63115674232017,136.77112418977464,190.1426363594902,316.1675582510927,426.03948244844594,229.36279047232892,0.7272727272727273,63.63636363636363,2.3636363636363638,100.0,4.454545454545454,100.0,7.090909090909091,100.0,15.090909090909092,100.0,25.09090909090909,100.0,51.18181818181818,100.0,0.0,0.0,9.090909090909092,NO
OXXO,conveniencia,México,Valle de Bravo,Valle de Bravo,11,11,69.30340736914881,192.89496193904063,220.15502116050038,463.59367384085306,502.21194927356385,313.84377672399063,0.5454545454545454,54.54545454545455,1.0909090909090908,81.81818181818181,1.9090909090909092,100.0,2.6363636363636362,100.0,4.2727272727272725,100.0,5.909090909090909,100.0,8.818181818181818,100.0,0.0,0.0,0.0,NO
OXXO,conveniencia,Nuevo León,Pesquería,Colinas del Aeropuerto,11,11,46.95910488626315,274.9669528228576,354.0974035443302,361.8440281753992,541.8033408458098,327.6001845401855,0.18181818181818182,18.181818181818183,1.0909090909090908,81.81818181818181,2.909090909090909,100.0,3.8181818181818183,100.0,6.909090909090909,100.0,9.727272727272727,100.0,13.727272727272727,100.0,0.0,0.0,18.181818181818183,NO
OXXO,conveniencia,Nuevo León,Pesquería,Pesquería,11,11,0.0,220.06035844626334,297.71891729641374,520.7193024886685,999.2333425010916,428.9583931134132,0.36363636363636365,36.36363636363637,0.7272727272727273,72.72727272727273,1.4545454545454546,81.81818181818181,1.7272727272727273,90.9090909090909,3.090909090909091,100.0,5.545454545454546,100.0,8.090909090909092,100.0,18.181818181818183,18.181818181818183,18.181818181818183,NO
OXXO,conveniencia,Nuevo León,Pesquería,Valle de Santa María,11,11,6.0191738769622045,25.379192811895123,321.52259917117317,522.4338754090229,828.9964744711895,325.36486163291596,0.7272727272727273,45.45454545454545,2.0,72.72727272727273,3.272727272727273,81.81818181818181,5.090909090909091,100.0,7.363636363636363,100.0,11.0,100.0,19.545454545454547,100.0,18.181818181818183,27.272727272727273,45.45454545454545,NO
OXXO,conveniencia,Oaxaca,Santa Cruz Xoxocotlán,Santa Cruz Xoxocotlán,11,11,445.41961180477256,593.911157407144,718.7149048126676,811.4718182949653,907.915914979706,702.6266932830055,0.0,0.0,0.18181818181818182,18.181818181818183,1.1818181818181819,72.72727272727273,2.0,100.0,4.545454545454546,100.0,8.818181818181818,100.0,16.636363636363637,100.0,0.0,0.0,0.0,NO
OXXO,conveniencia,Oaxaca,Santo Domingo Tehuantepec,Santo Domingo Tehuantepec,11,11,42.89225215360582,449.39093616412555,596.9090823132802,735.4591841967092,835.7334198811607,762.6824133455056,0.18181818181818182,18.181818181818183,0.5454545454545454,27.272727272727273,1.6363636363636365,81.81818181818181,3.0,90.9090909090909,4.181818181818182,90.9090909090909,5.909090909090909,90.9090909090909,8.0,90.9090909090909,0.0,0.0,18.181818181818183,NO
OXXO,conveniencia,Puebla,Huauchinango,Huauchinango,11,11,149.22708457334295,259.80475917930937,316.1748120805791,388.69302362929,652.0012862414969,377.0099651440533,0.18181818181818182,18.181818181818183,1.2727272727272727,81.81818181818181,3.272727272727273,90.9090909090909,4.909090909090909,100.0,7.2727272727272725,100.0,9.0,100.0,11.0,100.0,0.0,0.0,0.0,NO
OXXO,conveniencia,San Luis Potosí,Rioverde,Rioverde,11,11,143.7992512186216,269.3624537969082,612.9162616689205,777.3551371636365,1357.8838411229074,618.6705838221118,0.18181818181818182,18.181818181818183,0.7272727272727273,45.45454545454545,2.3636363636363638,81.81818181818181,3.6363636363636362,81.81818181818181,5.545454545454546,100.0,7.090909090909091,100.0,10.545454545454545,100.0,0.0,0.0,0.0,NO
OXXO,conveniencia,Sinaloa,Escuinapa,Escuinapa de Hidalgo,11,11,4.263750343294723,298.5640705314534,357.2214467129209,426.8534517581669,486.9450339552757,337.8525005002821,0.18181818181818182,18.181818181818183,1.2727272727272727,90.9090909090909,3.272727272727273,100.0,5.636363636363637,100.0,8.545454545454545,100.0,9.636363636363637,100.0,10.0,100.0,18.181818181818183,18.181818181818183,18.181818181818183,NO
OXXO,conveniencia,Veracruz de Ignacio de la Llave,Medellín de Bravo,Fraccionamiento Puente Moreno,11,11,106.49778819416815,212.89345946034624,338.847061120813,481.4448911381713,573.4591638986587,364.3570679111551,0.36363636363636365,36.36363636363637,2.5454545454545454,72.72727272727273,6.0,100.0,7.2727272727272725,100.0,11.090909090909092,100.0,12.454545454545455,100.0,15.181818181818182,100.0,0.0,0.0,0.0,NO
OXXO,conveniencia,Yucatán,Valladolid,Valladolid,11,11,96.72906388581505,282.49167960940053,662.5255450570984,764.6132118509058,871.2314691204672,565.0958558529709,0.18181818181818182,18.181818181818183,0.36363636363636365,36.36363636363637,1.6363636363636365,81.81818181818181,2.909090909090909,90.9090909090909,5.2727272727272725,100.0,7.636363636363637,100.0,10.181818181818182,100.0,0.0,0.0,0.0,NO
OXXO,conveniencia,Baja California,San Felipe,San Felipe,10,10,188.83201751420137,316.76614814051374,503.37449642590786,545.4728827151613,788.2874625041582,618.303204616016,0.2,20.0,0.6,50.0,2.0,90.0,3.0,90.0,5.8,90.0,7.2,90.0,8.0,100.0,0.0,0.0,0.0,NO
OXXO,conveniencia,Chihuahua,Meoqui,Pedro Meoqui,10,10,52.462089058988326,247.17618253625224,415.00976977274064,559.352458734323,739.5745225026333,408.96892797157517,0.4,40.0,0.6,60.0,1.6,90.0,2.3,100.0,6.2,100.0,8.2,100.0,10.4,100.0,0.0,0.0,20.0,NO
OXXO,conveniencia,Coahuila de Zaragoza,Arteaga,Arteaga,10,10,28.64983613634965,345.8003201516937,628.758592708135,722.0447114988882,780.477499920483,527.2758154301773,0.2,20.0,0.5,40.0,1.6,90.0,2.3,90.0,5.0,100.0,7.4,100.0,14.2,100.0,0.0,0.0,20.0,NO
OXXO,conveniencia,Coahuila de Zaragoza,San Pedro,San Pedro,10,10,186.56249918713976,380.7261352218204,619.7733956053067,741.6266540316541,973.0536437187654,614.3989449835836,0.2,20.0,0.8,40.0,2.0,80.0,3.4,90.0,5.8,100.0,7.4,100.0,9.1,100.0,0.0,0.0,0.0,NO
OXXO,conveniencia,Hidalgo,Ixmiquilpan,Ixmiquilpan,10,10,12.008906472862083,232.87466937197092,481.7745961966755,900.4035608913669,1087.5263763852734,532.1209267323131,0.4,40.0,0.6,60.0,0.8,70.0,2.0,80.0,4.6,100.0,5.8,100.0,8.8,100.0,0.0,20.0,20.0,NO
OXXO,conveniencia,Jalisco,La Barca,La Barca,10,10,226.27495391185133,470.54556064865517,660.8927168314217,911.8713534119943,969.8496785434251,661.4655058026157,0.2,20.0,0.4,40.0,1.2,60.0,2.8,90.0,4.4,100.0,6.0,100.0,8.1,100.0,0.0,0.0,0.0,NO
OXXO,conveniencia,Jalisco,Tlajomulco de Zúñiga,Tlajomulco de Zúñiga,10,10,329.2947417603479,395.37486670424335,587.4137724032629,644.2673137738211,888.4008378594252,579.7856530093408,0.0,0.0,0.4,30.0,1.7,80.0,2.5,100.0,5.2,100.0,6.4,100.0,9.0,100.0,0.0,0.0,0.0,NO
OXXO,conveniencia,México,La Paz,Los Reyes Acaquilpan,10,10,323.41935079258116,538.9265873299972,586.8899213341235,649.3933984354551,705.338451248258,578.872173955433,0.2,10.0,0.6,20.0,1.9,90.0,3.2,90.0,8.0,100.0,12.7,100.0,21.4,100.0,0.0,0.0,0.0,NO
OXXO,conveniencia,México,Tultitlán,Buenavista,10,10,355.0303608790632,374.3798704507286,487.9138256490611,693.337355084896,735.2784186677906,539.4120930114061,0.0,0.0,0.5,50.0,1.3,90.0,2.0,100.0,4.5,100.0,7.5,100.0,17.6,100.0,0.0,0.0,0.0,NO
OXXO,conveniencia,México,Zinacantepec,San Miguel Zinacantepec,10,10,273.049202605104,302.1014015436722,368.3151807981103,504.34213012430547,915.3885970034783,462.41881213344124,0.1,10.0,1.1,60.0,1.9,80.0,2.8,90.0,6.1,100.0,10.2,100.0,17.9,100.0,0.0,0.0,10.0,NO
OXXO,conveniencia,Nayarit,Bahía de Banderas,Bucerías,10,10,213.39988659259808,229.82915014148688,302.0616373470494,356.42962274151574,501.2298313610207,323.7040815545067,0.4,40.0,1.7,90.0,3.2,100.0,4.7,100.0,7.0,100.0,9.1,100.0,12.4,100.0,0.0,0.0,0.0,NO
OXXO,conveniencia,Puebla,Izúcar de Matamoros,Izúcar de Matamoros,10,10,283.46955269308114,384.3917275122662,674.3911053259361,829.2861875380778,2082.741587843846,1249.0876200530226,0.0,0.0,0.8,40.0,1.6,70.0,3.0,80.0,4.6,80.0,6.0,90.0,7.2,90.0,0.0,0.0,0.0,NO
OXXO,conveniencia,Puebla,Tepeaca,Tepeaca,10,10,306.0553219269791,352.16269832097424,381.3134922621111,514.6916236334564,667.8864265509194,526.0390913341845,0.0,0.0,0.8,70.0,3.0,90.0,4.6,90.0,6.4,90.0,7.7,100.0,8.3,100.0,0.0,0.0,0.0,NO
OXXO,conveniencia,Puebla,Zacatlán,Zacatlán,10,10,229.67763700249677,410.3966093978441,554.120001588709,676.3202796056088,700.2201570276518,522.206699194615,0.2,20.0,0.4,40.0,1.8,100.0,2.8,100.0,5.2,100.0,6.6,100.0,8.6,100.0,0.0,0.0,0.0,NO
OXXO,conveniencia,Querétaro,Tequisquiapan,Tequisquiapan,10,10,114.04522148092613,205.2015575875212,286.9366642301213,698.216093475059,839.5876238118846,409.1736537028567,0.8,50.0,2.0,70.0,3.2,70.0,4.8,100.0,8.2,100.0,8.6,100.0,9.0,100.0,0.0,0.0,0.0,NO
OXXO,conveniencia,Sonora,Cajeme,Esperanza,10,10,223.13553971518004,337.2243912712311,642.4623383285071,744.2395333078014,835.5916776648221,557.9976886167067,0.2,20.0,0.4,40.0,1.5,80.0,2.5,100.0,4.0,100.0,7.0,100.0,10.7,100.0,0.0,0.0,0.0,NO
OXXO,conveniencia,Veracruz de Ignacio de la Llave,Boca del Río,Boca del Río,10,10,19.036756366503077,138.80211457358098,212.99055041074715,286.7944043486483,353.36013048926327,207.87037073050323,1.0,70.0,3.7,100.0,6.0,100.0,8.9,100.0,12.0,100.0,14.0,100.0,19.5,100.0,0.0,20.0,20.0,NO
OXXO,conveniencia,Veracruz de Ignacio de la Llave,Álamo Temapache,Álamo,10,10,344.9397978268216,447.04246370281714,485.4149275781609,647.0827754516755,735.2309009744316,528.1034031855171,0.0,0.0,0.6,50.0,2.4,100.0,3.6,100.0,6.7,100.0,8.7,100.0,9.8,100.0,0.0,0.0,0.0,NO
OXXO,conveniencia,Zacatecas,Jerez,Jerez de García Salinas,10,10,225.2012651228067,423.9843953546785,463.1712096302639,650.0660146788817,740.0924239637543,489.9112261530322,0.2,20.0,1.0,70.0,2.2,100.0,3.2,100.0,6.0,100.0,8.4,100.0,9.0,100.0,0.0,0.0,0.0,NO
Starbucks,cafeteria_fast_food,Ciudad de México,Cuauhtémoc,Cuauhtémoc,43,43,63.75331002852186,114.40488305062078,250.59733363452548,356.3884406930635,601.3974526254385,306.3919531957269,1.2093023255813953,46.51162790697674,2.9302325581395348,86.04651162790698,5.348837209302325,95.34883720930233,7.093023255813954,95.34883720930233,12.767441860465116,97.67441860465117,20.930232558139537,100.0,35.51162790697674,100.0,9.30232558139535,9.30232558139535,9.30232558139535,YES
Starbucks,cafeteria_fast_food,Ciudad de México,Benito Juárez,Benito Juárez,39,39,0.0,18.292975725411416,187.56921487286183,468.99374694196933,685.3297606187226,277.1042540963119,0.9743589743589743,53.84615384615385,1.9743589743589745,79.48717948717949,3.8461538461538463,94.87179487179488,5.487179487179487,97.43589743589743,11.205128205128204,100.0,19.0,100.0,36.282051282051285,100.0,23.076923076923077,28.205128205128204,33.333333333333336,YES
Starbucks,cafeteria_fast_food,Ciudad de México,Álvaro Obregón,Álvaro Obregón,34,34,0.9949072191059389,74.58857598065366,280.57609584096224,646.3554330793805,1090.807843414345,421.2483214074978,0.47058823529411764,47.05882352941177,1.2352941176470589,67.6470588235294,2.1176470588235294,82.3529411764706,2.6470588235294117,85.29411764705883,6.970588235294118,100.0,10.735294117647058,100.0,18.794117647058822,100.0,17.647058823529413,23.529411764705884,23.529411764705884,YES
Starbucks,cafeteria_fast_food,Nuevo León,Monterrey,Monterrey,31,31,0.0,183.01899324598375,807.1773681115515,1534.2999117665743,2201.814955965925,900.0705502143521,0.25806451612903225,25.806451612903224,0.5806451612903226,45.16129032258065,0.9032258064516129,45.16129032258065,1.3870967741935485,64.51612903225806,1.8387096774193548,74.19354838709677,3.2903225806451615,87.09677419354838,8.193548387096774,100.0,12.903225806451612,12.903225806451612,19.35483870967742,YES
Starbucks,cafeteria_fast_food,Jalisco,Zapopan,Zapopan,30,30,0.0,171.32015609949195,969.8781137536085,1356.8919490589192,1489.9088106870045,849.4229914362116,0.5333333333333333,30.0,0.8,30.0,0.9333333333333333,43.333333333333336,1.0333333333333334,53.333333333333336,2.1,90.0,3.1666666666666665,96.66666666666667,5.833333333333333,100.0,13.333333333333334,20.0,20.0,YES
Starbucks,cafeteria_fast_food,Baja California,Tijuana,Tijuana,22,22,0.0,22.66419979778259,311.4980928892063,699.6143397513396,2129.7683554724877,1088.671534633261,0.8181818181818182,45.45454545454545,1.0909090909090908,68.18181818181819,1.4545454545454546,81.81818181818181,1.6363636363636365,81.81818181818181,2.090909090909091,86.36363636363636,2.727272727272727,86.36363636363636,4.7272727272727275,90.9090909090909,18.181818181818183,27.272727272727273,40.90909090909091,NO
Starbucks,cafeteria_fast_food,Quintana Roo,Benito Juárez,Cancún,22,22,0.0,40.969854450005144,148.6836890577703,642.043652925865,1178.7028932300634,448.0239989769147,0.5454545454545454,54.54545454545455,1.0909090909090908,68.18181818181819,1.5454545454545454,77.27272727272727,1.7272727272727273,86.36363636363636,2.5454545454545454,90.9090909090909,3.4545454545454546,100.0,5.7272727272727275,100.0,18.181818181818183,18.181818181818183,36.36363636363637,NO
Starbucks,cafeteria_fast_food,Ciudad de México,Venustiano Carranza,Venustiano Carranza,20,20,0.0,0.0,0.0,0.0,777.2215066653603,250.24570815872275,6.0,80.0,6.0,80.0,6.1,90.0,6.1,90.0,6.1,90.0,7.85,100.0,17.85,100.0,80.0,80.0,80.0,NO
Starbucks,cafeteria_fast_food,Guanajuato,León,León de los Aldama,20,20,11.55013060857019,126.9425956446985,405.0681620420319,1134.7874464656952,3425.491173147299,988.3668833984606,0.4,40.0,0.6,55.0,1.1,60.0,1.5,65.0,3.1,85.0,3.9,85.0,5.1,85.0,10.0,20.0,20.0,NO
Starbucks,cafeteria_fast_food,Querétaro,Querétaro,Santiago de Querétaro,20,20,667.9170735170352,815.8464576805229,969.1348293070537,1261.7389866164299,1608.101730111082,1296.0669083588,0.1,10.0,0.1,10.0,0.2,20.0,0.65,50.0,1.25,85.0,2.1,95.0,3.95,95.0,10.0,10.0,10.0,NO
Starbucks,cafeteria_fast_food,Puebla,Puebla,Heroica Puebla de Zaragoza,19,19,0.0,4.483356650347085,126.56463689625014,974.8227622323852,1657.5383142899682,600.4377646103038,0.5789473684210527,57.89473684210526,0.5789473684210527,57.89473684210526,1.0,73.6842105263158,1.4210526315789473,73.6842105263158,2.0526315789473686,84.21052631578948,3.8421052631578947,89.47368421052632,7.842105263157895,100.0,31.57894736842105,31.57894736842105,42.10526315789474,NO
Starbucks,cafeteria_fast_food,Nuevo León,San Pedro Garza García,San Pedro Garza García,18,18,0.0,7.138815583561923,172.45795522185298,465.60201624924446,962.4525761255952,403.770486963135,0.8888888888888888,55.55555555555556,2.7777777777777777,77.77777777777777,3.5555555555555554,77.77777777777777,4.555555555555555,88.88888888888889,7.277777777777778,94.44444444444444,8.555555555555555,94.44444444444444,16.72222222222222,100.0,27.77777777777778,27.77777777777778,38.888888888888886,NO
Starbucks,cafeteria_fast_food,Ciudad de México,Coyoacán,Coyoacán,17,17,0.0,2.3302865736041416,636.5058387419629,1238.6444346615106,1313.9129413126673,587.9639085937121,0.6470588235294118,47.05882352941177,0.8235294117647058,47.05882352941177,1.1176470588235294,58.8235294117647,1.3529411764705883,64.70588235294117,3.9411764705882355,100.0,7.411764705882353,100.0,14.882352941176471,100.0,29.41176470588235,29.41176470588235,41.1764705882353,NO
Starbucks,cafeteria_fast_food,México,Naucalpan de Juárez,Naucalpan de Juárez,17,17,149.65723492587708,421.1390108827834,622.8589632684159,1118.0853041108169,1620.3140699813316,815.1336742361797,0.23529411764705882,23.529411764705884,0.9411764705882353,41.1764705882353,1.1764705882352942,52.94117647058823,1.2941176470588236,58.8235294117647,2.4705882352941178,82.3529411764706,4.647058823529412,94.11764705882354,9.941176470588236,100.0,11.764705882352942,11.764705882352942,11.764705882352942,NO
Starbucks,cafeteria_fast_food,Ciudad de México,Miguel Hidalgo,Miguel Hidalgo,16,16,123.44207827841979,172.21942983052435,285.99417304241916,915.1632595986716,1030.6415347360671,497.51237343716355,0.625,50.0,1.4375,62.5,2.6875,68.75,3.25,87.5,6.625,100.0,10.0,100.0,18.5625,100.0,0.0,0.0,0.0,NO
Starbucks,cafeteria_fast_food,Ciudad de México,Tlalpan,Tlalpan,16,16,0.0,142.16391665473853,581.4923244480266,1065.8203992576705,1299.54293471082,637.8061480183594,0.5,31.25,0.9375,43.75,1.4375,68.75,1.625,68.75,2.9375,93.75,4.875,100.0,9.75,100.0,25.0,25.0,25.0,NO
Starbucks,cafeteria_fast_food,Jalisco,Guadalajara,Guadalajara,16,16,76.88346078769243,373.67706543539316,798.8676312185902,1088.6209043379968,2030.8368728084529,1065.06191772359,0.25,25.0,0.375,37.5,0.625,56.25,0.6875,62.5,2.1875,87.5,3.1875,87.5,7.1875,93.75,0.0,12.5,12.5,NO
Starbucks,cafeteria_fast_food,Yucatán,Mérida,Mérida,15,15,195.20285339714303,394.30483449729013,1080.274357596964,1579.9272078421204,2182.6366118552255,1186.1879210732445,0.13333333333333333,13.333333333333334,0.4,33.333333333333336,0.5333333333333333,33.333333333333336,0.5333333333333333,33.333333333333336,1.2,66.66666666666667,1.8666666666666667,80.0,3.6,93.33333333333333,0.0,0.0,0.0,NO
Starbucks,cafeteria_fast_food,Ciudad de México,Cuajimalpa de Morelos,Cuajimalpa de Morelos,14,14,52.95296755010405,182.1301065093628,303.3856019704009,345.6173386456489,805.7206733827276,375.0132291041146,0.42857142857142855,35.714285714285715,2.642857142857143,85.71428571428571,5.642857142857143,85.71428571428571,7.285714285714286,92.85714285714286,10.5,100.0,13.285714285714286,100.0,18.285714285714285,100.0,14.285714285714286,14.285714285714286,14.285714285714286,NO
Starbucks,cafeteria_fast_food,Quintana Roo,Benito Juárez,Aeropuerto,14,14,0.0,0.0,0.0,0.0,134.59312558857613,49.26938437587982,11.142857142857142,92.85714285714286,11.285714285714286,100.0,13.0,100.0,13.0,100.0,13.0,100.0,13.0,100.0,14.0,100.0,85.71428571428571,85.71428571428571,85.71428571428571,NO
Starbucks,cafeteria_fast_food,México,Huixquilucan,Naucalpan de Juárez,13,13,0.0,160.60483798034022,453.8248026967718,818.9780406419363,1867.5161760187925,710.2789374629324,1.0769230769230769,46.15384615384615,1.6923076923076923,61.53846153846154,3.076923076923077,61.53846153846154,4.769230769230769,76.92307692307692,5.384615384615385,76.92307692307692,7.615384615384615,92.3076923076923,12.23076923076923,100.0,23.076923076923077,23.076923076923077,23.076923076923077,NO
Starbucks,cafeteria_fast_food,Baja California,Mexicali,Mexicali,11,11,659.9464305169676,1233.1415124841321,2050.7564916636825,2193.290916088968,2251.446167274016,1847.2243686741815,0.0,0.0,0.0,0.0,0.18181818181818182,18.181818181818183,0.18181818181818182,18.181818181818183,0.5454545454545454,45.45454545454545,0.7272727272727273,45.45454545454545,2.0,90.9090909090909,0.0,0.0,0.0,NO
Starbucks,cafeteria_fast_food,Chihuahua,Juárez,Juárez,11,11,0.3914997193006227,0.5815571993201877,400.0225006035913,1971.1051060403167,2887.322291768824,1185.5789488307923,0.36363636363636365,36.36363636363637,0.5454545454545454,54.54545454545455,0.5454545454545454,54.54545454545455,0.5454545454545454,54.54545454545455,0.7272727272727273,72.72727272727273,1.4545454545454546,72.72727272727273,1.8181818181818181,90.9090909090909,36.36363636363637,36.36363636363637,36.36363636363637,NO
Starbucks,cafeteria_fast_food,Ciudad de México,Iztapalapa,Iztapalapa,11,11,0.0,13.361011478762762,71.86655060808194,393.4485546460777,583.4403560153153,472.7601609893143,0.9090909090909091,63.63636363636363,1.4545454545454546,72.72727272727273,2.3636363636363638,90.9090909090909,2.5454545454545454,90.9090909090909,2.909090909090909,90.9090909090909,4.7272727272727275,90.9090909090909,5.7272727272727275,90.9090909090909,18.181818181818183,36.36363636363637,36.36363636363637,NO
Starbucks,cafeteria_fast_food,Sinaloa,Culiacán,Culiacán Rosales,11,11,25.83103601765404,98.43957854331437,1542.3956031383093,1928.2623353761805,2237.5823667374234,1190.5428380812627,0.36363636363636365,36.36363636363637,0.7272727272727273,45.45454545454545,0.7272727272727273,45.45454545454545,0.7272727272727273,45.45454545454545,1.8181818181818181,45.45454545454545,2.5454545454545454,72.72727272727273,4.181818181818182,90.9090909090909,0.0,0.0,18.181818181818183,NO
Starbucks,cafeteria_fast_food,Aguascalientes,Aguascalientes,Aguascalientes,10,10,0.0,1014.9027242407217,1425.5129647557467,1808.9071894738177,1985.3652922435383,1361.1246882155817,0.2,20.0,0.2,20.0,0.2,20.0,0.6,30.0,1.2,60.0,2.4,90.0,3.4,90.0,20.0,20.0,20.0,NO
Starbucks,cafeteria_fast_food,Chihuahua,Chihuahua,Chihuahua,10,10,0.6123845612834481,5.030532788762992,567.0090530567812,1547.5330977324074,2916.4323805778868,1410.1607110013015,0.8,50.0,0.8,50.0,0.8,50.0,1.0,70.0,1.0,70.0,1.6,80.0,2.6,90.0,40.0,40.0,40.0,NO
Starbucks,cafeteria_fast_food,Ciudad de México,Gustavo A. Madero,Gustavo A. Madero,10,10,0.0,324.0538460967169,337.6507194722906,1423.553132066272,1862.7125869210342,750.2593667986976,0.2,20.0,1.2,60.0,2.0,70.0,2.2,70.0,2.2,70.0,3.5,90.0,7.5,100.0,20.0,20.0,20.0,NO
Starbucks,cafeteria_fast_food,Guerrero,Acapulco de Juárez,Acapulco de Juárez,10,10,0.16153676876411224,17.616232529259175,227.03491311318948,735.4248814909105,4126.791545215784,1001.4744026373288,0.8,50.0,1.0,70.0,1.0,70.0,1.4,80.0,1.4,80.0,1.4,80.0,2.0,80.0,30.0,30.0,30.0,NO
Starbucks,cafeteria_fast_food,Quintana Roo,Solidaridad,Playa del Carmen,10,10,0.0,140.33585737491487,284.481608599144,929.9059689692883,1200.7939481857325,567.2079066756202,0.8,50.0,2.2,70.0,3.0,70.0,3.4,70.0,4.4,90.0,4.6,90.0,7.4,100.0,20.0,20.0,20.0,NO
Starbucks,cafeteria_fast_food,San Luis Potosí,San Luis Potosí,San Luis Potosí,10,10,189.56063308684423,711.6679943555121,851.5848100069707,1170.274841376438,2224.686920951819,1254.1241110142398,0.2,20.0,0.2,20.0,0.6,50.0,1.0,70.0,1.4,80.0,2.0,90.0,3.4,90.0,0.0,0.0,0.0,NO
Starbucks,cafeteria_fast_food,Sonora,Hermosillo,Hermosillo,10,10,0.0,104.94289718100312,1082.7263617708143,1578.4971694168125,2611.5918007535747,1059.2356760957139,0.4,40.0,0.4,40.0,0.4,40.0,0.4,40.0,1.0,70.0,1.2,80.0,2.2,100.0,20.0,20.0,20.0,NO
Tiendas 3B,tiendas_descuento,México,Ecatepec de Morelos,Ecatepec de Morelos,82,82,3.850565151758719,13.134998854800116,357.33107951584606,764.0530864504606,1087.424545881721,455.9212450626611,0.6097560975609756,42.68292682926829,0.926829268292683,58.53658536585366,1.4878048780487805,75.60975609756098,2.5365853658536586,81.70731707317073,5.158536585365853,98.78048780487805,7.841463414634147,100.0,15.21951219512195,100.0,24.390243902439025,34.146341463414636,42.68292682926829,YES
Tiendas 3B,tiendas_descuento,Ciudad de México,Iztapalapa,Iztapalapa,60,60,20.750150966770125,288.2360627959962,527.4605797228744,860.3836535080137,1171.6661109358388,588.0708945728536,0.23333333333333334,23.333333333333332,0.6,48.333333333333336,1.65,68.33333333333333,2.3833333333333333,80.0,5.283333333333333,96.66666666666667,8.866666666666667,100.0,17.3,100.0,0.0,20.0,23.333333333333332,YES
Tiendas 3B,tiendas_descuento,México,Chimalhuacán,Chimalhuacán,52,52,0.28161189870864367,5.4371956175211,33.1230061842485,532.6109887519084,728.0771135612771,284.6337245295094,0.7115384615384616,61.53846153846154,1.3846153846153846,73.07692307692308,3.5,92.3076923076923,4.519230769230769,96.15384615384616,8.096153846153847,98.07692307692308,12.807692307692308,98.07692307692308,26.884615384615383,100.0,36.53846153846154,44.23076923076923,53.84615384615385,YES
Tiendas 3B,tiendas_descuento,Puebla,Puebla,Heroica Puebla de Zaragoza,47,47,12.980351738941847,380.1721650638588,815.9920013031315,1342.7775765265183,1873.820953194097,897.4426412148403,0.2127659574468085,21.27659574468085,0.2978723404255319,27.659574468085108,0.5531914893617021,46.808510638297875,0.851063829787234,63.829787234042556,1.5957446808510638,78.72340425531915,3.1914893617021276,91.48936170212765,6.531914893617022,100.0,8.51063829787234,17.02127659574468,17.02127659574468,YES
Tiendas 3B,tiendas_descuento,Ciudad de México,Cuauhtémoc,Cuauhtémoc,38,38,17.931646103070044,259.40434553942646,377.8962589182134,587.9255514204107,843.631254591115,426.6308817177664,0.21052631578947367,21.05263157894737,0.9210526315789473,65.78947368421052,1.9210526315789473,86.84210526315789,3.4210526315789473,94.73684210526316,7.526315789473684,100.0,13.5,100.0,28.105263157894736,100.0,5.2631578947368425,15.789473684210526,15.789473684210526,YES
Tiendas 3B,tiendas_descuento,México,Naucalpan de Juárez,Naucalpan de Juárez,36,36,5.58013361154674,16.114558519470545,390.0417185326552,739.3774730219934,1268.3063935281248,529.6367589818728,0.3333333333333333,33.333333333333336,0.9444444444444444,61.111111111111114,2.0,75.0,3.2222222222222223,86.11111111111111,5.333333333333333,94.44444444444444,9.0,94.44444444444444,18.86111111111111,100.0,22.22222222222222,27.77777777777778,27.77777777777778,YES
Tiendas 3B,tiendas_descuento,Morelos,Cuernavaca,Cuernavaca,34,34,85.23399645103216,490.1549540370555,679.47073555699,866.2499045972789,1261.3036334245317,705.4305022518668,0.17647058823529413,17.647058823529413,0.29411764705882354,29.41176470588235,0.9117647058823529,67.6470588235294,1.8235294117647058,82.3529411764706,3.411764705882353,94.11764705882354,5.382352941176471,97.05882352941177,11.205882352941176,100.0,5.882352941176471,5.882352941176471,11.764705882352942,YES
Tiendas 3B,tiendas_descuento,México,Nezahualcóyotl,Ciudad Nezahualcóyotl,33,33,1.059093942455038,2.037495531185999,26.42932175553918,689.239903071104,1152.1877234905164,435.35359629413847,0.6060606060606061,51.515151515151516,0.9090909090909091,63.63636363636363,2.1818181818181817,75.75757575757575,2.6666666666666665,78.78787878787878,5.515151515151516,93.93939393939394,9.515151515151516,100.0,20.060606060606062,100.0,33.333333333333336,45.45454545454545,51.515151515151516,YES
Tiendas 3B,tiendas_descuento,Ciudad de México,Gustavo A. Madero,Gustavo A. Madero,32,32,6.223214699964591,11.790257117347856,364.03764571190834,521.2753667215283,1213.3365959046685,442.20872607814727,0.5625,46.875,1.0,68.75,2.53125,87.5,3.15625,87.5,5.1875,93.75,8.625,96.875,21.25,100.0,18.75,37.5,40.625,YES
Tiendas 3B,tiendas_descuento,Hidalgo,Pachuca de Soto,Pachuca de Soto,29,29,8.66873712500873,393.7473707646623,882.1105691247767,1190.5580139493204,1527.8734434633868,830.8340161889536,0.13793103448275862,13.793103448275861,0.3448275862068966,31.03448275862069,0.7586206896551724,48.275862068965516,1.2413793103448276,62.06896551724138,3.1724137931034484,82.75862068965517,4.793103448275862,96.55172413793103,9.379310344827585,100.0,13.793103448275861,13.793103448275861,13.793103448275861,NO
Tiendas 3B,tiendas_descuento,Guanajuato,León,León de los Aldama,27,27,824.2034993507028,1163.420716404763,1410.2798020716723,1722.6903065999115,2649.743748274226,1542.408870637364,0.07407407407407407,7.407407407407407,0.07407407407407407,7.407407407407407,0.07407407407407407,7.407407407407407,0.2222222222222222,22.22222222222222,0.8148148148148148,51.851851851851855,1.4074074074074074,81.48148148148148,3.259259259259259,88.88888888888889,7.407407407407407,7.407407407407407,7.407407407407407,NO
Tiendas 3B,tiendas_descuento,México,Tlalnepantla de Baz,Tlalnepantla,27,27,5.954066319104377,119.49950122490975,630.3214137500757,1132.7729229231813,1469.3664613433498,676.6191269779732,0.37037037037037035,33.333333333333336,0.7037037037037037,48.148148148148145,0.8518518518518519,59.25925925925926,1.0,62.96296296296296,2.111111111111111,92.5925925925926,3.3333333333333335,100.0,9.814814814814815,100.0,14.814814814814815,14.814814814814815,14.814814814814815,NO
Tiendas 3B,tiendas_descuento,México,Ixtapaluca,Ixtapaluca,26,26,11.789196630700568,194.27731745660097,321.96698773899516,671.5313144935153,833.3674784580712,397.61085006087046,0.5384615384615384,42.30769230769231,1.3076923076923077,69.23076923076923,2.3846153846153846,84.61538461538461,3.269230769230769,100.0,6.076923076923077,100.0,10.038461538461538,100.0,19.46153846153846,100.0,7.6923076923076925,15.384615384615385,23.076923076923077,NO
Tiendas 3B,tiendas_descuento,México,Atizapán de Zaragoza,Ciudad López Mateos,25,25,9.834717243326832,51.60796348059313,514.5053213494411,596.6138816579945,997.4604244593484,456.4970005023275,0.32,32.0,0.6,48.0,1.16,76.0,1.88,92.0,3.2,100.0,5.24,100.0,11.28,100.0,16.0,24.0,32.0,NO
Tiendas 3B,tiendas_descuento,México,Cuautitlán Izcalli,Cuautitlán Izcalli,24,24,10.319658295682634,19.5382286189922,613.0928891706538,1622.2449492297762,2074.7335157523225,878.633775032251,0.4166666666666667,41.666666666666664,0.5416666666666666,50.0,0.7916666666666666,54.166666666666664,0.875,54.166666666666664,1.7083333333333333,66.66666666666667,3.7916666666666665,87.5,8.125,100.0,8.333333333333334,41.666666666666664,41.666666666666664,NO
Tiendas 3B,tiendas_descuento,México,Nicolás Romero,Ciudad Nicolás Romero,24,24,4.837341575282961,37.38271055292743,320.9918641396348,690.9457379348326,1183.9831831820727,458.9567851908993,1.25,50.0,2.5,66.66666666666667,4.5,79.16666666666667,5.5,83.33333333333333,7.666666666666667,95.83333333333333,10.708333333333334,100.0,17.333333333333332,100.0,16.666666666666668,25.0,33.333333333333336,NO
Tiendas 3B,tiendas_descuento,Aguascalientes,Aguascalientes,Aguascalientes,23,23,648.3507163068994,684.1213952280266,1181.1032774915059,1679.7166759408233,1928.515103242372,1199.238244142843,0.08695652173913043,8.695652173913043,0.08695652173913043,8.695652173913043,0.43478260869565216,34.78260869565217,0.6086956521739131,43.47826086956522,1.826086956521739,69.56521739130434,2.782608695652174,91.30434782608695,4.869565217391305,95.65217391304348,0.0,0.0,8.695652173913043,NO
Tiendas 3B,tiendas_descuento,Ciudad de México,Coyoacán,Coyoacán,23,23,52.16419951865335,250.20336585494562,606.8760630125248,995.2528723716262,1473.787968911152,711.8411570573027,0.2608695652173913,26.08695652173913,0.34782608695652173,34.78260869565217,1.9130434782608696,65.21739130434783,3.0,73.91304347826087,4.782608695652174,91.30434782608695,6.869565217391305,95.65217391304348,10.565217391304348,100.0,0.0,0.0,17.391304347826086,NO
Tiendas 3B,tiendas_descuento,Guerrero,Acapulco de Juárez,Acapulco de Juárez,23,23,3.8648740927161302,332.05671764902525,967.8398094393291,1835.2969263821092,2482.6458451869303,1259.6375903899864,0.17391304347826086,17.391304347826086,0.6086956521739131,39.130434782608695,1.0434782608695652,47.82608695652174,1.565217391304348,52.17391304347826,2.869565217391304,65.21739130434783,4.260869565217392,78.26086956521739,4.956521739130435,91.30434782608695,17.391304347826086,17.391304347826086,17.391304347826086,NO
Tiendas 3B,tiendas_descuento,México,Chicoloapan,Chicoloapan de Juárez,23,23,10.554186680285286,11.845650240200271,24.875698403355,389.9179947810759,441.05356154506205,185.6579386678539,0.8260869565217391,65.21739130434783,2.1739130434782608,91.30434782608695,3.8260869565217392,100.0,4.739130434782608,100.0,8.391304347826088,100.0,12.217391304347826,100.0,21.08695652173913,100.0,8.695652173913043,52.17391304347826,56.52173913043478,NO
Tiendas 3B,tiendas_descuento,Querétaro,Querétaro,Santiago de Querétaro,22,22,369.39153986928534,536.1613455811133,989.3738783773645,1490.4256659386872,2221.6011911965634,1124.639128626121,0.09090909090909091,9.090909090909092,0.18181818181818182,18.181818181818183,0.45454545454545453,45.45454545454545,0.5454545454545454,50.0,1.0,72.72727272727273,2.0454545454545454,86.36363636363636,4.409090909090909,95.45454545454545,0.0,0.0,9.090909090909092,NO
Tiendas 3B,tiendas_descuento,Ciudad de México,Tláhuac,Tláhuac,21,21,231.1192185068398,261.1757966172725,515.1599454705631,567.6898635452296,986.0055202175163,528.2591601385508,0.19047619047619047,19.047619047619047,0.38095238095238093,33.333333333333336,2.4761904761904763,85.71428571428571,3.0476190476190474,90.47619047619048,5.380952380952381,100.0,7.285714285714286,100.0,11.476190476190476,100.0,0.0,9.523809523809524,9.523809523809524,NO
Tiendas 3B,tiendas_descuento,Michoacán de Ocampo,Morelia,Morelia,21,21,17.441910654852723,21.72282928245996,1074.4578601982148,1523.9663676775003,2166.4936322315016,1143.319993841906,0.2857142857142857,28.571428571428573,0.2857142857142857,28.571428571428573,0.2857142857142857,28.571428571428573,0.5714285714285714,42.857142857142854,0.9523809523809523,61.904761904761905,3.0476190476190474,85.71428571428571,5.809523809523809,95.23809523809524,0.0,28.571428571428573,28.571428571428573,NO
Tiendas 3B,tiendas_descuento,México,Valle de Chalco Solidaridad,Xico,21,21,11.794640040355588,16.180825473930696,517.6057170432591,760.8649304335373,840.5930057177252,458.2669230884417,0.47619047619047616,33.333333333333336,0.5714285714285714,42.857142857142854,1.0476190476190477,80.95238095238095,1.9523809523809523,90.47619047619048,4.333333333333333,100.0,7.666666666666667,100.0,18.571428571428573,100.0,9.523809523809524,28.571428571428573,28.571428571428573,NO
Tiendas 3B,tiendas_descuento,Ciudad de México,Miguel Hidalgo,Miguel Hidalgo,19,19,2.3834576790708657,228.150118045304,494.75327735442545,601.7654191038376,866.066272235013,448.9367125555867,0.5263157894736842,31.57894736842105,1.263157894736842,57.89473684210526,2.526315789473684,84.21052631578948,3.6842105263157894,89.47368421052632,7.157894736842105,100.0,10.578947368421053,100.0,20.36842105263158,100.0,21.05263157894737,21.05263157894737,21.05263157894737,NO
Tiendas 3B,tiendas_descuento,México,Chalco,Chalco de Díaz Covarrubias,19,19,1.2775303686711696,32.43574540164601,306.8818366449118,565.2774457042603,1011.0582839908841,355.09213748582926,0.42105263157894735,42.10526315789474,1.0526315789473684,68.42105263157895,2.210526315789474,84.21052631578948,3.0526315789473686,84.21052631578948,6.052631578947368,100.0,10.947368421052632,100.0,21.263157894736842,100.0,21.05263157894737,21.05263157894737,42.10526315789474,NO
Tiendas 3B,tiendas_descuento,San Luis Potosí,San Luis Potosí,San Luis Potosí,18,18,439.1093086783796,725.2722451746715,848.2456971081252,1830.3206146675025,2433.5305052761087,1294.0362725050968,0.1111111111111111,11.11111111111111,0.1111111111111111,11.11111111111111,0.4444444444444444,44.44444444444444,0.7222222222222222,55.55555555555556,1.2777777777777777,66.66666666666667,2.5555555555555554,77.77777777777777,5.388888888888889,94.44444444444444,11.11111111111111,11.11111111111111,11.11111111111111,NO
Tiendas 3B,tiendas_descuento,Morelos,Jiutepec,Jiutepec,17,17,106.91790417597744,221.9094494656209,666.2877683802286,766.1291316822377,942.1651730410822,615.4783376564116,0.35294117647058826,29.41176470588235,0.47058823529411764,29.41176470588235,1.1176470588235294,76.47058823529412,1.6470588235294117,88.23529411764706,3.764705882352941,94.11764705882354,6.176470588235294,100.0,13.705882352941176,100.0,11.764705882352942,11.764705882352942,11.764705882352942,NO
Tiendas 3B,tiendas_descuento,Ciudad de México,Iztacalco,Iztacalco,15,15,25.032478577011318,183.5101236538942,351.0896797745151,989.3772769572531,1372.020124718193,587.5184171707953,0.26666666666666666,26.666666666666668,0.5333333333333333,53.333333333333336,2.2666666666666666,66.66666666666667,2.8666666666666667,73.33333333333333,5.8,100.0,9.066666666666666,100.0,18.866666666666667,100.0,13.333333333333334,13.333333333333334,26.666666666666668,NO
Tiendas 3B,tiendas_descuento,Ciudad de México,Álvaro Obregón,Álvaro Obregón,15,15,8.738396624935213,81.47787356988633,633.8734317268916,1010.6564825993586,1387.2427113908166,805.7668503617249,0.4,40.0,0.4,40.0,0.8,60.0,1.2,66.66666666666667,3.3333333333333335,93.33333333333333,4.333333333333333,93.33333333333333,7.133333333333334,93.33333333333333,13.333333333333334,26.666666666666668,26.666666666666668,NO
Tiendas 3B,tiendas_descuento,Morelos,Cuautla,Cuautla,15,15,291.864435952155,305.26132636790555,442.14929003384424,1055.2092260951904,1322.459323949803,695.2883405236686,0.0,0.0,1.3333333333333333,60.0,2.4,66.66666666666667,3.466666666666667,66.66666666666667,6.6,93.33333333333333,8.133333333333333,100.0,10.466666666666667,100.0,0.0,0.0,0.0,NO
Tiendas 3B,tiendas_descuento,Veracruz de Ignacio de la Llave,Xalapa,Xalapa-Enríquez,15,15,645.6971127670913,829.3360067466473,938.3634123084655,1104.646237298802,1446.1796635726835,1023.7918985951712,0.0,0.0,0.0,0.0,0.26666666666666666,20.0,0.8,60.0,2.1333333333333333,86.66666666666667,3.6666666666666665,93.33333333333333,7.6,100.0,0.0,0.0,0.0,NO
Tiendas 3B,tiendas_descuento,Guanajuato,Celaya,Celaya,14,14,118.45939413708274,392.90215337338066,830.1655166715879,1114.5164976770964,1836.9824857568178,854.8975626156583,0.14285714285714285,14.285714285714286,0.2857142857142857,28.571428571428573,1.0,42.857142857142854,1.4285714285714286,71.42857142857143,2.857142857142857,78.57142857142857,4.285714285714286,100.0,6.142857142857143,100.0,0.0,14.285714285714286,14.285714285714286,NO
Tiendas 3B,tiendas_descuento,Ciudad de México,Tlalpan,Tlalpan,13,13,348.70209092308005,641.5374000821968,1033.3198165914812,1626.9322161429197,1631.137864419174,1088.0478936843426,0.0,0.0,0.15384615384615385,15.384615384615385,0.6153846153846154,46.15384615384615,0.9230769230769231,46.15384615384615,1.6153846153846154,61.53846153846154,3.0,92.3076923076923,4.230769230769231,100.0,0.0,0.0,0.0,NO
Tiendas 3B,tiendas_descuento,Ciudad de México,Venustiano Carranza,Venustiano Carranza,13,13,1.9964000277872231,5.484507052676812,565.0555847165554,769.0753236444313,1248.3644314078724,578.7452561591634,0.3076923076923077,30.76923076923077,0.38461538461538464,38.46153846153846,1.3076923076923077,76.92307692307692,1.6153846153846154,84.61538461538461,3.230769230769231,92.3076923076923,7.230769230769231,100.0,16.846153846153847,100.0,30.76923076923077,30.76923076923077,30.76923076923077,NO
Tiendas 3B,tiendas_descuento,Hidalgo,Tulancingo de Bravo,Tulancingo,12,12,22.210403213851848,131.74492103899564,387.9528559975263,506.2683955669769,738.4991634531145,446.3745966910737,0.3333333333333333,33.333333333333336,1.0,75.0,2.6666666666666665,91.66666666666667,3.8333333333333335,91.66666666666667,6.5,91.66666666666667,8.833333333333334,100.0,10.75,100.0,0.0,16.666666666666668,16.666666666666668,NO
Tiendas 3B,tiendas_descuento,Michoacán de Ocampo,Uruapan,Uruapan,12,12,114.09581384887844,716.2571112620565,1024.4716553483738,1388.617825118431,1741.9120577346248,1086.4219395908324,0.16666666666666666,16.666666666666668,0.16666666666666666,16.666666666666668,0.5,50.0,0.5,50.0,1.5,75.0,3.0,91.66666666666667,6.0,100.0,0.0,0.0,16.666666666666668,NO
Tiendas 3B,tiendas_descuento,México,Coacalco de Berriozábal,San Francisco Coacalco,12,12,20.324101852876353,45.319986381852964,459.0240381941272,936.474861601707,1038.1004372266812,504.8678879060108,0.3333333333333333,33.333333333333336,0.5,50.0,1.3333333333333333,66.66666666666667,1.9166666666666667,83.33333333333333,3.9166666666666665,100.0,6.583333333333333,100.0,13.25,100.0,0.0,16.666666666666668,33.333333333333336,NO
Tiendas 3B,tiendas_descuento,Ciudad de México,Azcapotzalco,Azcapotzalco,11,11,157.94366591339343,285.8982774528833,484.8292954823285,625.3381918018084,938.3729722868588,504.65820776467444,0.18181818181818182,18.181818181818183,0.5454545454545454,54.54545454545455,1.0,81.81818181818181,1.5454545454545454,100.0,3.4545454545454546,100.0,7.545454545454546,100.0,17.818181818181817,100.0,0.0,0.0,0.0,NO
Tiendas 3B,tiendas_descuento,Veracruz de Ignacio de la Llave,Poza Rica de Hidalgo,Poza Rica de Hidalgo,11,11,794.5480098096158,921.4773880907927,1061.600031460129,1151.795205740703,1263.6849549592607,1091.0955596075803,0.0,0.0,0.0,0.0,0.18181818181818182,18.181818181818183,0.5454545454545454,45.45454545454545,1.6363636363636365,90.9090909090909,2.909090909090909,100.0,6.181818181818182,100.0,0.0,0.0,0.0,NO
Tiendas 3B,tiendas_descuento,Ciudad de México,Benito Juárez,Benito Juárez,10,10,420.17330145804766,670.4577961812556,916.6053499811796,1263.7455456647172,1426.2712384897084,955.8124448572389,0.0,0.0,0.2,20.0,0.3,30.0,0.8,60.0,2.3,90.0,5.6,100.0,13.0,100.0,0.0,0.0,0.0,NO
Tiendas 3B,tiendas_descuento,Guanajuato,Irapuato,Irapuato,10,10,16.362754681789927,126.59008037156089,766.2347754476142,1163.7567407611498,1329.8990116829284,700.2911914217943,0.4,40.0,0.4,40.0,0.6,60.0,0.8,70.0,1.6,90.0,2.8,100.0,5.0,100.0,0.0,20.0,20.0,NO
Tiendas 3B,tiendas_descuento,Morelos,Temixco,Temixco,10,10,334.9786227971344,550.7091026735671,797.1397773277168,932.3325597765688,1019.7317195628411,730.2382903099891,0.0,0.0,0.2,20.0,0.6,60.0,0.8,80.0,1.8,100.0,3.4,100.0,6.5,100.0,0.0,0.0,0.0,NO
Tiendas 3B,tiendas_descuento,México,Cuautitlán,Cuautitlán,10,10,11.572798635973209,21.057972882698962,53.51672233851833,503.611518105569,769.8345357625698,323.4367074138896,0.6,60.0,0.7,70.0,2.0,90.0,2.3,90.0,4.9,100.0,7.6,100.0,13.5,100.0,0.0,40.0,60.0,NO
Tiendas 3B,tiendas_descuento,México,Tecámac,Ojo de Agua,10,10,7.1747157955473515,728.0703534972831,1119.1858610908355,1516.1907773625062,1601.3274586439861,1015.803443692164,0.2,20.0,0.2,20.0,0.4,40.0,0.4,40.0,1.5,70.0,3.6,100.0,7.1,100.0,20.0,20.0,20.0,NO
Tiendas 3B,tiendas_descuento,México,Teoloyucan,Teoloyucan,10,10,1.2272455289897106,23.73920648389542,400.07620978796325,629.0315586588963,1501.1192085736843,515.5501664723989,0.4,40.0,1.2,60.0,1.6,80.0,2.2,80.0,3.4,90.0,5.2,100.0,9.8,100.0,20.0,40.0,40.0,NO
Tiendas 3B,tiendas_descuento,México,Toluca,Toluca de Lerdo,10,10,33.88903929285162,465.9745146923035,697.3547045923601,1064.9723896820365,1321.0500099748328,748.6046886899674,0.2,20.0,0.6,30.0,1.0,60.0,1.4,70.0,2.5,90.0,5.3,100.0,10.1,100.0,0.0,0.0,20.0,NO
Tiendas 3B,tiendas_descuento,Veracruz de Ignacio de la Llave,Veracruz,Veracruz,10,10,478.34670829925506,515.7288879355889,973.4129559949545,1647.215235835382,1788.2785480318498,1119.360876049706,0.0,0.0,0.2,20.0,0.8,40.0,1.4,50.0,2.4,60.0,3.4,90.0,4.1,100.0,0.0,0.0,0.0,NO
